seller_id,seller_city,seller_state,total_orders,total_units_sold,total_revenue,total_freight,avg_product_price,avg_review_score,avg_delivery_days
0015a82c2db000af6aaaf3ae2ecb0532,santo andre,SP,3,3,2685.0,63.06,895.0,3.67,10.67
001cca7ae9ae17fb1caed9dfb1094831,cariacica,ES,200,239,25080.03,8854.14,104.94,3.9,13.11
001e6ad469a905060d959994f1b41e4f,sao goncalo,RJ,1,1,250.0,17.94,250.0,1.0,
002100f778ceb8431b7a1020ff7ab48f,franca,SP,51,55,1234.5,793.66,22.45,3.98,16.0
003554e2dce176b5555353e4f3555ac8,goiania,GO,1,1,120.0,19.38,120.0,5.0,4.0
004c9cd9d87a3c30c522c48c4fc07416,ibitinga,SP,158,170,19712.71,3551.23,115.96,4.14,14.42
00720abe85ba0859807595bbf045a33b,guarulhos,SP,13,26,1007.5,315.98,38.75,3.65,8.38
00ab3eff1b5192e5f1a63bcecfee11c8,sao paulo,SP,1,1,98.0,12.08,98.0,5.0,9.0
00d8b143d12632bad99c0ad66ad52825,belo horizonte,MG,1,1,86.0,51.1,86.0,5.0,7.0
00ee68308b45bc5e2660cd833c3f81cc,sao paulo,SP,135,172,20260.0,3180.66,117.79,4.33,9.07
00fc707aaaad2d31347cf883cd2dfe10,maringa,PR,103,135,12684.9,2285.09,93.96,3.79,15.7
010543a62bd80aa422851e79a3bc7540,sao paulo,SP,2,2,1416.0,31.95,708.0,4.5,9.0
010da0602d7774602cd1b3f5fb7b709e,sao bernardo do campo,SP,1,5,849.5,230.25,169.9,1.0,26.0
011b0eaba87386a2ae96a7d32bb531d1,pompeia,SP,1,2,99.98,29.18,49.99,4.0,25.0
01266d4c46afa519678d16a8b683d325,curitiba,PR,3,3,90.25,47.23,30.08,5.0,6.0
013900e863eace745d3ec7614cab5b1a,curitiba,PR,23,26,1619.7,469.67,62.3,4.73,11.31
014c0679dd340a0e338872e7ec85666a,timoteo,MG,14,15,7058.0,628.31,470.53,3.67,19.07
014d9a685fd57276679edd00e07089e5,maringa,PR,11,12,729.88,146.93,60.82,3.83,8.75
0176f73cc1195f367f7b32db1e5b3aa8,ibitinga,SP,38,39,4733.1,1287.01,121.36,4.03,13.42
01bcc9d254a0143f0ce9791b960b2a47,uruacu,GO,11,11,1521.21,277.66,138.29,4.4,12.7
01c97ebb5cdac52891c0ed1c37ba0012,catanduva,SP,9,12,577.5,178.5,48.13,4.08,12.5
01cf7e3d21494c41fb86034f2e714fa1,francisco beltrao,PR,61,67,9729.36,2008.82,145.21,4.21,11.52
01ed254b9ff8407dfb9d99ba1e17d923,mogi das cruzes,SP,5,5,1465.99,67.72,293.2,5.0,6.6
01fd077212124329bac32490e8ef80d9,ribeirao preto / sao paulo,SP,31,39,1208.0,575.36,30.97,4.31,7.82
01fdefa7697d26ad920e9e0346d4bd1b,londrina,PR,129,131,14921.43,2768.64,113.9,4.35,10.68
0241d4d5d36f10f80c644447315af0bd,curitiba,PR,238,246,31397.7,6853.91,127.63,4.31,10.89
0249d282d911d23cb8b869ab49c99f53,sao paulo,SP,11,11,393.0,138.88,35.73,4.27,10.0
024b564ae893ce8e9bfa02c10a401ece,sao paulo,SP,2,8,706.4,212.0,88.3,4.75,18.25
028872bfa080090a9d0abd4f1af168f8,ribeirao das neves,MG,1,3,70.5,47.37,23.5,5.0,16.0
02a2272692e13558373c66db98f05e2e,rio de janeiro,RJ,2,2,54.98,38.87,27.49,3.0,
02b72cdeb9cfcc429f1af6f4e3f3b737,ibitinga,SP,4,4,522.65,225.99,130.66,4.75,12.5
02c988090b766852e088c69d7fb3b551,americana,SP,13,17,1618.65,218.3,95.21,4.69,8.56
02d35243ea2e497335cd0f076b45675d,natal,RN,14,16,5794.0,605.95,362.13,2.69,25.75
02dcd3e8e25bee036e32512bcf175493,contagem,MG,14,17,1491.9,312.17,87.76,3.59,17.27
02ecc2a19303f05e59ce133fd923fff7,santo andre,SP,21,24,5264.19,478.21,219.34,4.54,10.79
02f5837340d7eb4f653d676c7256523a,curitiba,PR,30,30,3883.05,580.83,129.44,4.83,9.6
02f623a8eb246f3c5f7c2f96462654e6,botucatu,SP,44,44,6378.0,829.63,144.95,4.56,8.41
0307f7565ff85b299b6e5ef162b1b1a9,sao jose do rio preto,SP,7,7,4728.8,274.77,675.54,3.14,15.17
0336182e1b3e92f029d5354832045fdf,ibitinga,SP,1,2,29.8,17.57,14.9,2.0,13.0
034b9387752bfa309f350a70cd45ffa3,blumenau,SC,8,8,96.0,144.26,12.0,4.5,8.5
038b75b729c8a9a04b0d07cba7eabe86,sao jose dos campos,SP,2,2,467.0,90.85,233.5,3.5,22.5
039b29ff3b3473435d0cd59040575de9,ribeirao pires,SP,9,9,114.9,100.65,12.77,4.44,9.0
039e6ad9dae79614493083e241147386,sao paulo,SP,5,5,12925.0,348.42,2585.0,4.0,14.4
03a2a6dcbe45d639c4dc2a0d24769c40,maua,SP,9,9,1078.41,172.25,119.82,4.11,10.56
03bd479e1d9484cdb14104d3023f7321,uberlandia,MG,3,3,359.7,57.72,119.9,4.33,20.33
0417b067eeab773d2f7061a726dc477f,sao bento do sul,SC,13,13,1859.18,642.57,143.01,3.92,17.46
042573af89b6d931f672efaf789d8358,sorocaba,SP,3,3,413.48,65.09,137.83,3.67,20.0
04308b1ee57b6625f47df1d56f00eedf,bombinhas,SC,94,94,60130.6,3054.39,639.69,3.88,18.87
0432ead42b6c8a0bdf68154add917fdf,maua,SP,85,90,7792.1,1207.52,86.58,4.48,8.74
044668ccd5316b12a7cf0d54a156e3e9,osasco,SP,3,4,137.8,53.55,34.45,5.0,7.0
04843805947f0fc584fc1969b6e50fe7,ivoti,RS,1,2,1400.0,74.76,700.0,5.0,15.0
048c2757535328e0d7dac690ad3c0aae,franca,SP,51,51,9264.78,1286.28,181.66,4.18,18.42
04aa0a1c5ce6b222003403a3e11c3cc0,cosmopolis,SP,11,17,5518.0,821.51,324.59,3.53,16.29
04aba03279157f6d4e0fe8ccaf21963c,santo antonio de padua,RJ,16,16,2575.9,346.43,160.99,4.31,11.53
04e38a233f726ef161074ab1c9b0399a,sao paulo,SP,23,28,1352.2,459.07,48.29,3.79,11.58
04ee0ec01589969663ba5967c0e0bdc0,lajeado,RS,1,1,289.49,24.83,289.49,5.0,3.0
04fdea0c111866e6cf812f1570d6b5bd,sao paulo,SP,10,10,1055.0,206.95,105.5,3.2,17.88
0509040ea3fe50071181bbc359eb7738,belo horizonte,MG,89,98,3737.95,1445.15,38.14,4.5,11.29
052577151711aec5c744fe12e66db3e1,rodeio,SC,4,4,2748.0,222.42,687.0,2.25,14.0
054694fa03fe82cec4b7551487331d74,itajobi,SP,21,22,9983.1,720.65,453.78,3.36,30.29
056b4ada5bbc2c50cc7842547dda6b51,queimados,RJ,65,66,12333.39,1306.02,186.87,4.12,12.63
0570350b23eda5444f8d1d9544932058,sao paulo,SP,6,11,626.9,124.86,56.99,5.0,4.82
05730013efda596306417c3b09302475,criciuma,SC,4,4,952.0,216.67,238.0,5.0,9.5
058cb5aeb36d7c0fcae20fc85d5e0a59,rio de janeiro,RJ,12,13,1328.0,779.42,102.15,3.38,9.58
058fd0aa2bfdb2274e05e1ae971dabb6,santo andre,SP,61,64,7667.9,887.9,119.81,4.39,10.17
05a48cc8859962767935ab9087417fbb,sao paulo,SP,1,1,42.9,16.49,42.9,5.0,11.0
05a940b4ecae36cadfd8e93bd9c43257,goiania,GO,10,10,952.0,196.94,95.2,3.9,14.22
05aebce0b5c8f0d41b29b686f2d05fd3,sao paulo,SP,2,2,74.99,45.89,37.5,5.0,6.0
05ca864204d09595ae591b93ea9cf93d,barueri,SP,1,1,179.9,8.52,179.9,5.0,5.0
05d2173d43ea568aa0540eba70d2ca76,alfenas,MG,62,66,5759.66,1679.27,87.27,4.0,14.56
05e107217c7266362fd44b75b2cd4cc4,sao paulo - sp,SP,5,8,193.38,82.01,24.17,4.13,6.88
05f51e13da97139648b8125c31e5f51b,belo horizonte,MG,60,63,13769.01,2019.29,218.56,4.1,12.15
05feb94f19d094d4b0f9281f0b1d4c99,mogi das cruzes,SP,6,6,9353.0,697.04,1558.83,4.5,15.17
05ff92fedb5be47920fea08e501238b9,santo angelo,RS,59,62,21992.78,1815.39,354.72,4.21,12.25
062c325cd6a2b87845fab56b4ec2eeae,sao paulo,SP,2,2,133.22,23.86,66.61,5.0,5.5
062ce95fa2ad4dfaedfc79260130565f,lajeado,RS,55,60,7521.0,1200.44,125.35,3.97,13.41
06532f10282704ef4c69168b914b77be,paincandu,PR,8,9,10220.5,698.24,1135.61,4.22,16.75
06579cb253ecd5a3a12a9e6eb6bf8f47,sao paulo - sp,SP,62,72,4727.2,1499.41,65.66,3.76,10.86
066a6914e1ebf3ea95a216c73a986b91,foz do iguacu,PR,68,74,9410.38,1705.57,127.17,3.97,14.21
0691148aee60ca47977c187804f935ae,londrina,PR,47,53,5868.51,1490.94,110.73,3.99,12.94
0692610d8abe24f287e9fae90ea0bbee,sao paulo,SP,4,4,173.99,31.73,43.5,4.0,6.5
06a2c3af7b3aee5d69171b0e14f0ee87,sao luis,MA,392,405,36408.95,12141.29,89.9,4.0,17.65
06bb3a2fe5e7b7a845b13e8fb91bd944,belo horizonte,MG,17,18,1536.19,326.14,85.34,4.61,8.83
06df0c10d34e459d9672bc77388742eb,maringa,PR,26,30,9070.0,525.77,302.33,4.37,9.67
06e5eefc71ec47ae763c5c6f8db7064f,porto alegre,RS,92,95,22188.56,2193.28,233.56,3.9,10.86
07017df32dc5f2f1d2801e579548d620,joao pessoa,PB,8,9,946.49,181.75,105.17,4.11,10.11
070d165398b553f3b4b851c216b8a358,sao paulo,SP,32,39,3393.16,1003.59,87.0,3.5,11.0
0725b8c0f3f906e58f70cbe76b7c748c,guarulhos,SP,17,37,2190.3,715.69,59.2,3.58,11.75
0743a0239d764b9a0f959a57d07e36ab,sao paulo,SP,4,4,336.96,66.26,84.24,4.75,5.25
0747d5bb69f0586cc869d8af4c50f93e,saquarema,RJ,14,15,346.6,208.89,23.11,3.47,14.31
0761743cbffb25d7148189e9f1a5f03a,ribeirao preto,SP,3,7,241.2,86.2,34.46,4.29,14.14
077c5fae4bea9500e3737b16f71b9d3a,sorocaba,SP,4,6,106.8,70.44,17.8,4.67,7.83
0791d9fc1e30678ecf03d3e55fa108d3,belo horizonte,MG,5,11,842.0,186.99,76.55,2.73,6.27
079d295dcbf06ee8bb1b65ba964eb2b6,sao paulo,SP,5,10,349.3,190.79,34.93,4.8,6.6
07a9bc7f61396b658ddf3ac534efe44c,sao paulo,SP,1,1,119.9,15.59,119.9,3.5,6.0
07bf9669d84d1f11be443a9dd938f698,sao paulo,SP,18,24,1776.0,646.22,74.0,3.25,8.58
07d75e33f2750d97d467fb57e4dfdd8a,sao paulo,SP,2,2,722.4,37.19,361.2,2.5,11.5
07de60b03d150fb3ea09eab5da5e4c8b,ibitinga,SP,9,9,719.1,169.9,79.9,4.33,13.44
07e8e8fc5222bb358e6f259da3197074,sao paulo,SP,2,2,51.8,23.06,25.9,4.0,8.5
080102cd0a76b09e0dcf55fcacc60e05,belo horizonte,MG,124,130,5716.78,2195.93,43.98,4.49,9.61
080199a181c46c657dc5aa235411be3b,osasco,SP,79,83,14504.2,1040.68,174.75,4.61,8.05
08061dc0fc165ed41288cc7acde738ee,osasco,SP,4,4,123.8,58.42,30.95,4.5,20.0
08084d990eb3f53af056ccbc1730c8a7,sao paulo,SP,12,12,372.5,234.29,31.04,4.45,8.33
081acf3de680d554796c9cf041be7bc2,vespasiano,MG,4,8,1597.3,205.5,199.66,4.13,13.75
082e0bf4cb865a6533b1e8e498cc0255,botucatu,SP,11,23,2073.3,991.03,90.14,3.3,12.96
085f6f7e049c996695fb2074fe38d45e,taubate,SP,6,8,305.4,130.56,38.18,3.63,10.13
08633c14ef2db992c11f840f04fad4cd,ribeirao pires,SP,74,97,7644.3,1424.52,78.81,4.24,10.04
0873d9f8f36123f8d910f4760e788cfb,barueri,SP,6,6,7265.59,161.06,1210.93,3.17,13.17
0885aaf116795758dfeb5f1032487bcd,ferraz de vasconcelos,SP,28,30,2648.0,514.32,88.27,4.2,5.62
0887a9f087bcd5d9f6642b52f897fc6c,cananeia,SP,12,12,1642.0,220.35,136.83,4.42,14.33
08ad4ac1388e4420ca531c3edfc46198,itapevi,SP,6,7,221.62,89.05,31.66,2.71,7.0
08cdbae123ff67ca4e36d9d641ce0119,uba,MG,4,6,3098.99,1096.47,516.5,2.5,29.5
08d0949a9a17c027262db1f3c450c26c,cascavel,PR,12,12,324.8,233.04,27.07,3.71,14.25
08d1c9478fb0d7d7fcac9c0da4e82fc7,belo horizonte,MG,1,1,538.0,67.57,538.0,5.0,10.0
08d2d642cf72b622b14dde1d2f5eb2f5,marilia,SP,17,21,914.0,321.26,43.52,4.45,14.9
08f5819815f3d06545011850bd70f0a8,santos,SP,3,3,452.0,70.83,150.67,4.67,8.0
091065b789659bc3cd9af9cb3a6253ff,canoas,RS,2,2,1359.0,85.37,679.5,3.5,11.0
0936e1837d0c79253456bbb2ffaaef10,sao paulo,SP,1,2,38.9,31.12,19.45,5.0,19.0
093805f8f2aeb63881444571e1f48f30,osasco,SP,22,27,1215.79,343.94,45.03,3.81,8.07
094ced053e257ae8cae57205592d6712,ribeirao preto,SP,19,19,1519.2,459.03,79.96,4.05,12.0
0951a6e282947e09cd47969f4ed0b47f,taboao da serra,SP,7,7,492.3,88.02,70.33,4.86,5.14
09883d9ab71c8fe8a9bfc7fc3075b07e,sao paulo,SP,5,5,329.5,76.67,65.9,3.4,14.25
099095b050cfe8eb1ddff5317587e96e,sao paulo,SP,17,20,5193.83,715.32,259.69,2.95,10.26
09bad886111255c5b5030314fc7f1a4a,sao paulo,SP,5,5,487.5,72.86,97.5,5.0,6.4
09f952a5f58d2285b0372551ae8f9b01,sao bernardo do campo,SP,50,56,11821.5,1524.96,211.1,3.88,13.09
0a198e95d32b1be2da9424c962a6ebfa,contagem,MG,1,1,69.99,16.68,69.99,5.0,16.0
0a82f5fb06a4fe4ac2cf7cb412ec71b8,sao paulo,SP,2,2,462.0,22.8,231.0,5.0,5.0
0a85ebe4e328db81ac9109781205e2f7,jundiai,SP,12,12,667.9,137.75,55.66,4.58,5.17
0aa124728afc1131dff5655f4c6f487b,alfenas,MG,2,2,850.92,107.86,425.46,1.0,
0aa2205ca24f113f4658a5c536667426,sao paulo,SP,4,11,815.62,172.48,74.15,2.82,6.73
0ac4201fda2c68ebc0e47cb9423cf3c9,sao paulo,SP,13,14,1676.88,233.99,119.78,4.29,12.29
0ad80de75c811326389cfb1daba7d45e,rio de janeiro,RJ,6,6,1449.4,115.32,241.57,5.0,9.0
0adac9fbd9a2b63cccaac4f8756c1ca8,louveira,SP,110,142,15960.95,2499.27,112.4,3.89,12.78
0ade5cc4a305ed7093a23f68ca47519c,curitiba,PR,2,2,158.88,42.39,79.44,5.0,6.5
0aea4c6ae1505b3228ddf3dd7822ee5b,sorocaba,SP,8,8,1427.91,151.75,178.49,3.88,18.5
0af2ab31141893d26aca5a404a537dab,sao paulo,SP,1,1,59.0,15.51,59.0,5.0,6.0
0af977692321d895349eded183341d28,santos,SP,2,2,257.75,19.47,128.88,4.5,2.0
0afccdb8a34ee5c79f7c06faf2b4d56e,uberlandia,MG,25,25,1225.5,388.28,49.02,4.04,13.46
0b09101900100c0e9d312861fad5a1b9,sao paulo,SP,1,1,153.75,14.61,153.75,4.0,19.0
0b0ddbc7b9d9584f442c7ac92b0ff6c9,guarulhos,SP,3,3,1416.76,133.88,472.25,4.67,12.0
0b18d63d0cd1d723567903fd34a07df2,sp,SP,9,14,1678.14,265.89,119.87,4.79,7.0
0b1ca3ef18a63d7eb0c8897fa0849c08,sao roque,SP,1,1,55.0,7.87,55.0,5.0,6.0
0b35c634521043bf4b47e21547b99ab5,teixeira soares,PR,51,78,13533.65,1475.09,173.51,3.49,17.35
0b36063d5818f81ccb94b54adfaebbf5,jaragua do sul,SC,1,15,765.0,18.0,51.0,5.0,15.0
0b3f27369a4d8df98f7eb91077e438ac,aruja,SP,2,2,146.51,24.88,73.26,4.0,7.0
0b46f784306be7200ca1700aa55d819f,belo horizonte,MG,1,1,19.9,10.96,19.9,5.0,3.0
0b64bcdb0784abc139af04077d49a20e,canoas,RS,4,4,137.6,68.21,34.4,4.75,8.25
0b90b6df587eb83608a64ea8b390cf07,maringa,PR,164,210,28592.32,3615.32,136.15,4.0,14.33
0bae85eb84b9fb3bd773911e89288d54,itajai,SP,137,146,7482.21,2924.19,51.25,4.21,10.17
0bb27263628258b8111a0262769fa9db,sao paulo,SP,1,1,22.2,10.96,22.2,5.0,42.0
0bb738e4d789e63e2267697c42d35a2d,sao roque,SP,30,31,2388.3,642.34,77.04,4.58,11.79
0be8ff43f22e456b4e0371b2245e4d01,sao paulo,SP,161,180,11805.5,2579.15,65.59,3.89,10.26
0bebbb2cea103a4a020c95d43fd7d754,sao paulo,SP,9,9,1367.2,147.14,151.91,4.89,5.78
0bf0150d5b9d60d9cd2906003332f085,sao paulo,SP,39,62,5774.6,1097.74,93.14,3.71,14.02
0bfd0b434243adc5c2e1aa6baf19c6aa,rio de janeiro,RJ,6,6,371.2,65.79,61.87,3.67,8.5
0c7533c71df861ec58ad7ff999ed0e8d,valinhos,SP,61,73,2989.3,874.21,40.95,4.08,10.51
0c7f30ae9b147eca07affbef92832a6a,ponta grossa,PR,5,5,479.5,87.61,95.9,5.0,8.6
0c8380b62e38e8a1e6adbeba7eb9688c,tres coracoes,MG,182,220,17348.79,4107.04,78.86,4.03,12.63
0cab2da43793a6f3c5ed8514c5f54627,curitiba,PR,3,3,309.7,57.2,103.23,5.0,4.67
0cbcee27c791afa0cdcb08587a2013a8,tres coracoes,MG,39,41,5324.15,817.16,129.86,3.85,13.38
0d33a55da925bbf1ff02af5f6059fc7f,sao paulo,SP,22,24,547.3,385.61,22.8,4.5,8.67
0d4c8269e7f0401201794deef160edd6,ribeirao preto,SP,3,4,792.64,99.39,198.16,4.0,18.75
0d83f8e03188682112cc0d93523705cc,porto alegre,RS,4,8,696.26,124.31,87.03,2.75,25.0
0d85bbda9889ce1f7e63778d24f346eb,uberlandia,MG,51,58,4845.2,1624.5,83.54,4.21,18.21
0daf5180aa44356f60f8effa533b55a2,goiania,GO,2,2,144.8,38.83,72.4,5.0,8.5
0db783cfcd3b73998abc6e10e59a102f,santos,SP,132,137,9077.4,1999.15,66.26,4.21,11.63
0dd184061fb0eaa7ca37932c68ab91c5,guarulhos,SP,161,193,18446.92,5319.5,95.58,3.95,11.15
0ddefe3c7a032b91f4e25b9c3a08fca1,sao bernardo do campo,SP,9,10,402.9,150.0,40.29,4.5,8.5
0df3984f9dfb3d49ac6366acbd3bbb85,betim,MG,87,89,10021.49,1498.72,112.6,4.3,9.55
0dfbed20065e425d2eaefb101f9816c0,porto ferreira,SP,3,3,84.35,49.25,28.12,2.67,21.67
0e44d110fa6a54e121cb2c095a77762f,francisco morato,SP,6,6,223.32,70.06,37.22,4.33,11.83
0e72c1a751b496722a6cb1f10653b62a,sao paulo,SP,3,3,140.8,51.3,46.93,4.67,6.67
0e982cff76cc0579f632cea8a0e38c9d,itajai,SC,7,12,1307.34,172.97,108.95,3.25,8.0
0ea22c1cfbdc755f86b9b54b39c16043,sete lagoas,MG,237,269,10711.7,4363.61,39.82,4.32,11.02
0eaa7e33d73809f1f925f7d07c506cbd,santo andre,SP,15,15,1552.0,194.9,103.47,4.71,5.87
0ebd97a106433a45a4aebe57c1799778,contagem,MG,31,32,3046.8,614.88,95.21,4.5,9.19
0ec28cec4046a4a199b6de9b4c891d97,goiania,GO,3,4,296.6,56.04,74.15,5.0,9.0
0ed6ce5d87fd9c69eaacaeb778d67235,americana,SP,43,43,2141.42,687.83,49.8,4.4,15.93
0ee4fb99ac55ffbbc98795aa01b7f8fa,santana de parnaiba,SP,1,1,59.9,11.03,59.9,5.0,7.0
0ef83d7d83ed97cd2a0049ac8be5f88a,curitiba,PR,48,55,4421.01,1026.8,80.38,4.24,9.56
0f0c984a4a955310903b6b6008660bad,franca,SP,4,4,369.81,111.57,92.45,3.75,14.25
0f519b0d2e5eb2227c93dd25038bfc01,ibitinga,SP,1,1,79.9,23.0,79.9,5.0,12.0
0f7eea709efdf942b5f95c7516dbacd7,pedrinhas paulista,SP,3,3,195.74,44.32,65.25,4.0,8.33
0f80a40c312b2472dca482cf50f5186f,lencois paulista,SP,1,1,129.9,20.1,129.9,3.0,5.0
0f94588695d71662beec8d883ffacf09,florianopolis,SC,1,1,9.0,18.59,9.0,5.0,15.0
0fe2d9733ed841eb064503920015a8c0,ourinhos,SP,3,3,389.64,108.71,129.88,4.67,8.67
0ff83046c3fa22efee8ecf291888b191,caxias do sul,RS,10,11,768.9,254.48,69.9,4.82,12.36
0ffa40d54288e4f3499b8780dd0f144f,presidente prudente,SP,33,35,2162.8,583.67,61.79,4.4,13.31
10076e5788b8ee532724bcd460baf762,batatais,SP,23,26,821.48,377.3,31.6,4.62,9.77
10089e9f2fd0c668a8fd4e52e1698888,sao jose do rio preto,SP,3,3,1139.9,59.41,379.97,4.33,7.67
101921376b577a4540dc30e9009133ca,rio claro,SP,1,1,373.0,21.49,373.0,2.0,
101a3a003516bc11253298b2fad3cb65,rio claro,SP,5,6,450.0,74.0,75.0,4.83,6.83
1025f0e2d44d7041d6cf58b6550e0bfa,sao paulo,SP,915,1428,138968.55,33892.14,97.32,3.85,12.0
10264f60a8f0a4d2f30810f5c661c673,campinas,SP,4,4,284.6,41.86,71.15,5.0,4.0
1099a00e0ee3a50935e6c2447ca090c5,rio de janeiro,RJ,3,3,849.7,61.13,283.23,3.67,15.33
10cdd491d1dbea8fb4ead97b19c334ce,santa rita do sapucai,MG,3,3,208.9,78.86,69.63,5.0,7.0
10ff823eda2b032e2c93d17a7d294736,pederneiras,SP,9,9,1294.97,164.56,143.89,3.89,9.88
112453736dbe3889cfb74e1aaa0ba0c1,sao paulo,SP,7,14,1890.0,264.77,135.0,4.07,13.64
1127b7f2594683f2510f1c2c834a486b,campinas,SP,114,132,6851.33,1821.71,51.9,4.09,10.2
11305281b50fff20ae8bb473f8e11876,uba,MG,35,40,6528.7,1444.51,163.22,4.35,14.03
113e3a788b935f48aad63e1c41dac1bd,aparecida,SP,39,48,847.35,686.6,17.65,4.4,12.0
116ccb1a1604bc88e4d234a8c23f33de,sao bernardo do campo,SP,61,73,2004.89,943.44,27.46,4.6,8.64
11742f81550ac064cc9a40f67151d9ad,catanduva,SP,2,2,781.9,49.11,390.95,5.0,9.0
117cfc326c6d50da67ca858ff5c0c852,sao joao de meriti,RJ,5,5,454.6,81.48,90.92,4.6,5.8
11938fcc75f6902fea1d0a6f72b54a57,sao miguel d'oeste,SC,2,2,594.98,142.16,297.49,3.0,22.5
119c7f1a00ef43fad0e57604e76a747c,sao paulo,SP,2,2,189.8,17.02,94.9,4.5,6.0
119d1aef1b4144adba89163f6cd9f5d4,pedreira,SP,4,4,1094.0,204.24,273.5,4.75,4.5
11bfa66332777660bd0640ee84d47006,ribeirao preto,SP,76,102,3925.87,1682.67,38.49,3.78,16.09
11d4c477d09821164bca4f70a2eae031,ribeirao preto,SP,3,4,83.04,57.82,20.76,5.0,6.75
11eac105f3f90a9b87b19c89d91e24f3,sao paulo,SP,5,5,802.89,124.94,160.58,3.6,9.2
11fb6f6d341adbe19e81733701704635,sao paulo,SP,3,3,1197.0,399.66,399.0,5.0,5.33
120476eb7a04c149d14772edaf5d9bf2,angra dos reis,RJ,4,6,2368.8,150.83,394.8,3.83,6.5
1284de4ae8aa26997e748c851557cf0e,laranjeiras do sul,SP,3,3,1459.97,86.87,486.66,2.67,19.33
128639473a139ac0f3e5f5ade55873a5,maringa,PR,533,560,11908.85,9785.6,21.27,4.18,14.31
128f9bfbe4c7d5185033914b1de3d39a,atibaia,SP,14,16,1277.29,373.2,79.83,4.75,12.87
12a8eb0f8d1cd3270695bf2a99f55966,sao paulo,SP,2,2,397.0,39.67,198.5,3.5,20.5
12b9676b00f60f3b700e83af21824c0e,montenegro,RS,135,135,26774.0,3568.69,198.33,4.52,15.02
12c2ed9cded6138cf0c75f525f565fc7,praia grande,SP,4,4,314.96,51.05,78.74,4.25,13.25
13074f016982ff2bd6c58ced8682f000,bento goncalves,RS,14,15,2116.0,995.7,141.07,3.93,14.57
131fcb0a0c9a47bba4474aacff0f14b7,sao paulo,SP,4,4,369.8,36.61,92.45,4.0,4.0
1336efc61c316ddf92c899eb817f7cae,assis,SP,74,85,4837.31,1517.98,56.91,3.94,11.71
134285d1f41da5c13a756ee8142c8a4e,sao paulo,SP,3,4,1572.7,80.93,393.18,2.75,8.75
134a288e7de827ec5ec62e3ec9c3a295,sao paulo,SP,9,9,877.45,126.55,97.49,4.78,9.33
134b867a0f7f8bbe6abf10f91874891e,valinhos,SP,1,1,789.89,132.95,789.89,4.0,13.0
13511db12ac61e2f89c53b72a944a60b,caxias do sul,RS,6,6,798.0,265.97,133.0,3.5,9.17
1352e06ae67b410cdae0b2a22361167b,rio de janeiro,RJ,4,4,696.0,69.22,174.0,2.33,34.5
1354d51653f645349064725ed204e85e,sao paulo,SP,18,20,2410.0,284.72,120.5,3.8,9.25
138dbe45fc62f1e244378131a6801526,sao paulo,SP,49,58,1125.56,689.24,19.41,3.98,6.1
139157dd4daa45c25b0807ffff348363,sao paulo,SP,1,1,29.9,7.78,29.9,4.0,1.0
13c2ed7698b3ca92dad49e849219da59,ponta grossa,PR,8,9,498.61,154.68,55.4,4.44,11.56
13d058e4eeac2ce8217660b2f8a05812,osasco,SP,23,23,3829.77,926.11,166.51,4.22,11.36
13d95f0f6f73943d4ceffad0fc2cd32c,goiania,GO,1,1,249.99,59.33,249.99,3.0,22.0
13dd308f81fea30cc670c656b2b46cc3,santa barbara d'oeste,SP,3,3,117.7,33.44,39.23,5.0,3.67
13e85aac53340018b40c2af68001b7e0,pedreira,SP,1,1,17.8,14.12,17.8,5.0,18.0
13f57c12a00ed4610db646b913a7f5c6,santos,SP,7,13,645.2,175.95,49.63,4.77,12.85
13fa2a6c6b9d0f43cb588d7c82117a12,sao paulo,SP,9,10,4528.0,191.44,452.8,4.0,20.3
141440cad9341e553f8401c574a2aa38,pitanga,PR,11,12,1288.2,290.8,107.35,4.17,6.92
1430239a858e7682bbc43b20758af153,sao paulo,SP,18,23,660.79,268.75,28.73,3.96,7.18
1444c08e64d55fb3c25f0f09c07ffcf2,lauro de freitas,BA,1,1,2749.0,69.74,2749.0,1.0,10.0
1464afc72f696af775557a821c2e253f,nova friburgo,RJ,29,30,1059.36,454.42,35.31,4.17,11.2
14a08204d03bb6b6bde8029f801ae0eb,sao paulo,SP,28,38,2185.4,593.7,57.51,3.82,8.58
14d7985702e72162bbf13b6beb74ab2b,santo andre,SP,37,38,3887.0,554.0,102.29,4.34,11.03
14ee35374a7876217954b5fa08e50463,sao jose do rio preto,SP,6,6,809.0,114.05,134.83,4.33,17.17
14f2b3587172b9db894c9bad8dab520b,ipe,RS,2,2,244.0,86.06,122.0,2.5,14.0
152ee17e4c8aaf53dac99f3462e4999b,garuva,SC,6,6,308.96,95.97,51.49,4.33,10.5
154bdf805377afea75a3bd158e9eab10,ibitinga,SP,1,1,89.9,19.82,89.9,1.0,25.0
1554a68530182680ad5c8b042c3ab563,monte siao,MG,247,269,29052.53,6798.26,108.0,4.24,14.09
157c3e4b42f81ac4a44e8b1ca2fe9876,sao paulo,SP,23,31,2548.5,583.32,82.21,3.97,10.29
1588ac4010787100dddef64568f0ae35,maringa,PR,3,3,599.97,46.0,199.99,3.0,19.67
15aac934c58d886785ac1b17953ea898,muqui,ES,25,26,4353.9,665.7,167.46,4.12,15.46
15ac3c501e2599e4917316fde5c5669a,sao paulo,SP,1,1,144.2,51.61,144.2,1.0,
15aec03fe4cf30dfa574cf550f5ff5ff,rio de janeiro,RJ,1,1,28.9,10.96,28.9,1.0,
15b3b1b81484422eb41df68ac87f1f50,bauru,SP,2,2,78.35,24.54,39.18,1.0,15.0
15cd6eefe58588619aaed41dfa6621b1,ouro preto,MG,16,18,1622.74,566.12,90.15,4.33,14.33
15ead3a5037a918ddb520dfe39a3d2b9,conselheiro lafaiete,MG,7,8,275.5,158.45,34.44,4.38,18.43
15fa791d5e017f66402dc28c44480657,sao paulo,SP,8,8,1802.0,181.29,225.25,4.25,11.38
160851d3ece7aa1a510f8d1a4bb8a8af,garca,SP,2,2,102.05,39.1,51.03,5.0,5.5
16090f2ca825584b5a147ab24aa30c86,atibaia,SP,402,410,25716.44,5456.67,62.72,4.04,9.12
160e4f13fd3a64b1b86807be88b5ffb0,colombo,PR,4,4,886.0,94.45,221.5,4.25,14.5
164a5a8794e6d42e14f55e447b12a3bc,guaira,PR,1,1,73.99,62.77,73.99,5.0,13.0
165b1235e9e9942cb5fae67103576fb0,ribeirao preto,SP,11,16,2085.15,404.65,130.32,4.31,6.94
165fc07beebdcb6190fba8a06db2a449,maringa,PR,50,64,17481.4,1600.03,273.15,3.69,13.33
1660ad786c27fd935378b6192a90b417,sao bernardo do campo,SP,12,13,1570.0,248.28,120.77,4.62,8.77
166e8f1381e09651983c38b1f6f91c11,imbituba,SC,2,2,78.8,30.2,39.4,5.0,14.0
167fd940acebc789debd6eb418c46e38,franca,SP,5,5,1077.58,100.9,215.52,3.0,15.4
1690cada046eb7e92c12f98b1f8a8167,sao paulo,SP,11,11,1959.0,252.38,178.09,4.55,7.2
16bdc8cefd0e32a6f0824d296c5ad14a,sp,SP,1,1,41.76,19.32,41.76,5.0,9.0
1703bc09972dab9782e7a9194943b69f,minas gerais,MG,1,1,249.9,106.21,249.9,5.0,12.0
1710c3aaa9c6b44ec3883ee0fe300e21,sao caetano do sul,SP,2,2,1188.9,37.65,594.45,5.0,6.0
17306570e772e7718c92a562d33f5f1d,bariri,SP,29,32,9669.8,930.83,302.18,3.63,13.97
173d56ffbd4c56cb80fc3615487d712b,sao vicente,SP,2,2,358.0,39.61,179.0,5.0,6.5
1746c1ae87ac63d530c7c943d0ac42e2,santana de parnaiba,SP,1,1,229.9,22.45,229.9,5.0,23.0
1771297ac436903d1dd6b0e9279aa505,guarulhos,SP,28,36,2881.27,585.16,80.04,4.63,9.47
1782ce2db72c3dda627d5e7c898104e1,taboao da serra,SP,9,10,2010.8,207.37,201.08,4.3,27.2
17908cf9b444ee34047cadd5c0f4a516,anapolis,GO,11,11,1993.99,501.42,181.27,4.55,18.91
17998cf586426bf0f2c3726cb0a4b211,belo horizonte,MG,2,2,69.8,45.72,34.9,4.0,8.0
179d859f51292aac5c10806a356f7af9,ribeirao pires,SP,18,19,404.47,395.8,21.29,4.32,8.95
17a053fcb14bd219540cbde0df490be0,mogi guacu,SP,125,149,40703.14,8828.43,273.18,4.2,11.91
17adeba047385fb0c67d8e90b4296d21,guarulhos,SP,1,3,809.7,287.61,269.9,1.0,
17ca9b9e9b9ef8fdb529001b49ebb50f,betim,MG,116,129,9754.83,2365.89,75.62,4.01,7.95
17e34d8224d27a541263c4c64b11a56b,riberao preto,SP,255,268,56363.24,5239.96,210.31,4.14,13.99
17eea220a40cc0d2c0c5346379682398,sao paulo,SP,4,4,1414.98,98.01,353.75,3.75,25.33
17f51e7198701186712e53a39c564617,sao paulo,SP,56,61,48019.0,9793.43,787.2,4.34,22.82
180c3376aff0e43dd5788709df48a843,sao paulo,SP,5,10,4513.0,209.97,451.3,4.7,16.3
1835b56ce799e6a4dc4eddc053f04066,ibitinga,SP,423,558,33344.21,8741.95,59.76,3.59,12.7
1838dd9b8977065acf51d95e0053ea7a,belo horizonte,MG,64,67,2820.3,1255.58,42.09,4.24,12.46
184725737946a1a938bbbd1a9e978103,maua,SP,3,3,359.7,43.87,119.9,4.67,8.67
184a67a8f9f63234d3a92340bbdb727f,joinville,SC,8,11,268.66,208.34,24.42,3.64,16.1
186cdd1b2df32caa72cfb410bba768d3,rio negrinho,SC,6,6,1341.45,268.28,223.58,5.0,9.0
189ca3538ce9f920cacf0f982cbe223b,sao paulo,SP,4,5,419.0,62.67,83.8,3.8,4.8
18a349e75d307f4b4cc646a691ed4216,sao paulo,SP,121,148,8711.53,2198.03,58.86,3.39,10.97
18e694e0e48ed6f7aa3f24aade5fd697,varzea paulista,SP,31,34,701.54,504.23,20.63,4.68,5.97
1900267e848ceeba8fa32d80c1a5f5a8,ibitinga,SP,411,529,24982.53,8138.06,47.23,3.86,12.72
191d55f7edb8524d525ed01b20fe32e8,brasilia,DF,3,3,747.0,65.8,249.0,2.33,22.33
1927cdb9fa74f5270097f6250e8e8f34,marilia,SP,1,1,120.0,58.92,120.0,5.0,8.0
19484c79cef6c062cb177aa4ef2fcc3c,valinhos,SP,1,1,201.9,10.16,201.9,1.0,21.0
1961c3e1272bfeceb05d0b78b5bbfdaf,guarulhos,SP,3,4,896.0,49.43,224.0,3.75,5.67
1967a9e2ad6f51802b093147d861df58,sao paulo,SP,2,2,380.0,45.76,190.0,1.0,
1976a05ecf2996d6ffb7b5430e635fe7,assis,SP,8,9,1796.2,394.46,199.58,4.0,16.56
1987cd4be10fe09ee50454f9c354d1c6,ouro fino,MG,14,16,2877.7,257.53,179.86,4.25,15.69
198c7ea11960a9844b544d9bcdca860c,jacutinga,MG,25,25,1733.75,491.63,69.35,3.88,14.56
1992f8fb6b19fcccd97ca819811e7267,sao paulo,SP,1,1,28.8,11.22,28.8,1.0,
1996942dc085d7773ba77a529b163cd0,pradopolis,SP,10,10,2943.51,239.92,294.35,3.9,11.67
19a7c9f66ffa6452ff4b4c0cca71da27,itaipulandia,PR,1,1,279.0,59.74,279.0,5.0,25.0
19d62d484cba71963c93f0f00ab42013,gaspar,SC,1,1,139.9,22.69,139.9,4.0,14.0
19e0f40a907ec568c34bfac15de4f4a1,americana,SP,4,4,178.0,41.62,44.5,5.0,5.75
1a3df491d1c4f1589fc2b934ada68bf2,joinville,SC,167,178,23302.7,4291.42,130.91,4.17,14.95
1a6245add4353f18ed55138808906979,sao bernardo do campo,SP,1,1,30.0,9.34,30.0,3.0,
1a8e2d9c38b84a9702ac7922924b0573,araquari,SC,1,1,80.0,17.0,80.0,5.0,16.0
1a932caad4f9d804097d7f8e615baed1,sao paulo,SP,20,30,4661.0,1040.45,155.37,3.57,8.77
1acde099eb406aa220b1169b188b42da,sao paulo,SP,9,10,311.1,147.4,31.11,4.3,12.3
1b0b0f4f95e962d6f32fe90c759d0479,sao paulo,SP,2,2,139.8,23.37,69.9,5.0,9.5
1b1ae47a313a825a7ccceb8e2e30fa9d,bocaiuva do sul,PR,11,11,2243.9,246.5,203.99,3.9,10.7
1b45169b635ef59425637e9a33eb5fb3,maringa,PR,7,8,308.9,110.45,38.61,4.63,7.63
1b4b28463457a256e9a784ebe2a8f630,piracicaba,SP,1,1,699.42,15.92,699.42,1.0,14.0
1b4c3a6f53068f0b6944d2d005c9fc89,sao ludgero,SC,113,117,14760.3,3031.37,126.16,4.1,14.33
1b61fb1f0f2185d89e9a126c498e9cc7,maringa,PR,1,1,49.7,16.11,49.7,5.0,11.0
1b65c144b17e607c0f37f10bb7dfec8d,rio do sul,SC,5,5,1109.5,144.85,221.9,2.0,8.6
1b7e5006cb25dd23ce8686691013b121,sao paulo,SP,11,11,2636.74,149.22,239.7,4.36,15.36
1b8356dabde1d35e17cef975c3f82730,sao paulo,SP,56,61,3426.39,987.22,56.17,4.08,10.27
1b8b75e227c9a9c100d0c210fb6176ce,sao paulo,SP,19,19,1914.83,280.78,100.78,3.37,14.93
1b938a7ec6ac5061a66a3766e0e75f90,penapolis,SP,30,33,3987.6,910.23,120.84,4.24,11.19
1bb2bdb95f4841f1bba2c0d2cd83d3c9,sao paulo,SP,81,85,5002.71,1146.56,58.86,4.58,12.25
1bb3812d5f0747a3ab7348f199001a10,sao paulo,SP,9,9,834.4,215.17,92.71,4.89,12.67
1bc2e21de46adfea6b98cc96b00f3b40,joinville,SC,3,5,1039.95,102.6,207.99,3.6,16.8
1c129092bf23f28a5930387c980c0dfc,sao paulo,SP,201,220,9553.62,3035.67,43.43,4.17,11.54
1c40343cc5d18c2d8248ac2f3366de34,limeira,SP,21,22,2461.41,378.01,111.88,4.55,7.45
1c56ffe0e9dea2657fc6e95b53f40b13,sao carlos,SP,3,3,183.0,84.39,61.0,4.33,6.67
1c5e4e49b9079480255b49d50aac1aa9,santos,SP,12,12,10173.11,889.61,847.76,4.33,8.67
1c68394e931a64f90ea236c5ea590300,sarandi,PR,142,171,24832.75,2896.41,145.22,3.93,15.67
1c742ac33582852aaf3bcfbf5893abcf,belo horizonte,MG,1,1,97.9,15.79,97.9,5.0,6.0
1c83418358f249c9d6affa52d579db0e,sao paulo,SP,1,1,24.9,14.52,24.9,5.0,10.0
1ca4bdb0cd7fc48e949bac066188ed26,cataguases,MG,4,4,1520.0,443.08,380.0,4.5,14.0
1ca7077d890b907f89be8c954a02686a,santana de parnaiba,SP,115,137,13341.57,1659.86,97.38,2.2,14.98
1caf283236cd69af44cbc09a0a1e7d32,nova iguacu,RJ,33,37,917.6,612.65,24.8,4.54,13.97
1cbcd2ee0afb3fc09963b87eb65e7e4f,curitiba,PR,1,3,90.0,40.65,30.0,5.0,4.0
1cbd32d00d01bb8087a5eb088612fd9c,sp / sp,SP,11,12,1045.47,244.06,87.12,4.25,12.0
1cbd50a8c52e6cf8e315c5709fab386f,fazenda rio grande,PR,9,9,785.97,220.69,87.33,3.78,19.0
1cbdc7cf130a41fd13a3c2a7d2fcfda7,lambari,MG,2,2,165.8,59.81,82.9,5.0,8.5
1cd9e0cc1839d55516843def5600816d,sao paulo,SP,5,5,825.0,101.72,165.0,5.0,7.6
1ce3ae5a399804d1a87e706f8a813c3e,jaguaruna,SC,40,44,2563.0,853.69,58.25,3.73,13.5
1d0646a72178a6fb37ee8082140e06ec,joinville,SC,2,2,61.0,36.62,30.5,5.0,7.5
1d0997ff06b524ce9289ffd75114ecd3,recife,PE,3,3,3747.0,126.57,1249.0,3.67,17.0
1d139e3a3b14025640d8df1b230aace0,barrinha,SP,2,2,36.49,34.69,18.25,3.5,7.5
1d1bbb8ac1581824986f582583fff01d,indaial,SC,4,4,166.88,59.59,41.72,3.5,9.0
1d2732ef8321502ee8488e8bed1ab8cd,rio de janeiro,RJ,4,5,1148.0,80.18,229.6,3.2,11.2
1d29dfba02015238dfbe2449a5eaa361,vicosa,MG,12,12,612.8,177.12,51.07,4.5,15.25
1d4587203296c8f4ad134dc286fa6db0,sao paulo,SP,42,43,2323.3,704.24,54.03,4.3,9.37
1d503743d2526f03f0c2c89540ee008c,sao paulo,SP,12,17,516.04,204.49,30.36,4.24,9.0
1d8dbc4f32378d715c717c1c1fc57bae,arapongas,PR,92,98,11315.89,2105.16,115.47,3.9,15.57
1d953075c2f0dd990bacf27b83b330f1,belo horizonte,MG,1,1,59.0,19.32,59.0,5.0,7.0
1da366cade6d8276e7d8beea7af5d4bf,uba,MG,43,49,6917.59,1756.14,141.18,3.94,17.46
1da3aeb70d7989d1e6d9b0e887f97c23,sao paulo,SP,265,328,8823.52,4231.84,26.9,4.08,8.24
1dc2de47ee26a0a5b12dc14fd6dc0dea,ibitinga,SP,25,27,1670.3,617.2,61.86,4.52,14.63
1dcfa3835714681d4ba4a93bc1e0fd41,birigui,SP,13,15,1278.5,323.6,85.23,3.86,15.71
1dd33b8119b3cb1056ed5dc88cd0aaf4,sao paulo,SP,8,8,1513.0,128.74,189.13,3.75,11.0
1de62b6f2fd96227629786db492433db,sp,SP,2,2,208.8,28.73,104.4,5.0,8.0
1dfe5347016252a7884b694d4f10f5c4,ibitinga,SP,21,27,1693.5,436.23,62.72,3.19,19.46
1e26c56af8d48424e1df0140a2401f83,jaguariuna,SP,2,2,258.9,33.49,129.45,5.0,5.5
1e47d8b6546eb3a77b1acddcc9406242,campinas,SP,1,1,149.9,16.81,149.9,1.0,35.0
1e47defeeadeca0e9a18fa5a9311e735,catanduva,SP,3,3,234.12,57.5,78.04,5.0,12.0
1e483cc5c76fef08d3ca05f9a8af7d01,sao paulo,SP,10,11,171.99,123.08,15.64,4.09,7.9
1e8b33f18b4f7598d87f5cbee2282cc2,sao paulo,SP,123,140,17309.06,2702.24,123.64,4.28,7.71
1e8c6a4c538f286aee9573239740a4b4,itatiba,SP,5,5,359.7,87.12,71.94,3.8,7.4
1e9d5a33694bddb76316fd1f54734d20,jaciara,MT,2,2,318.0,150.94,159.0,4.5,12.0
1eade46fba20122dc4aefb379f8c636b,sao paulo,SP,58,75,3635.37,1038.34,48.47,4.31,12.07
1f1bb1f0859883505541bdd6606193e5,sao paulo,SP,27,29,16040.84,522.03,553.13,4.31,13.97
1f2eebc0e970fd3c463e4f5d9652687a,sao paulo,SP,1,1,44.99,8.48,44.99,5.0,12.0
1f50f920176fa81dab994f9023523100,sao jose do rio preto,SP,1404,1931,106939.21,35165.77,55.38,3.99,15.48
1f7dfad2cb384ea4d2d7e1ffbd78c407,sao paulo,SP,1,1,49.0,8.29,49.0,1.0,6.0
1f7fd2a6fcd5a6fa5d8a4dabc72aaae0,venancio aires,RS,3,3,531.8,100.88,177.27,5.0,7.0
1f867308a0ce13133a4e639ff4de0c02,curitiba,PR,7,13,875.1,209.82,67.32,4.54,10.08
1f9ab4708f3056ede07124aad39a2554,tupa,SP,78,79,13602.73,2440.78,172.19,4.09,14.55
1fa2d3def6adfa70e58c276bb64fe5bb,sao paulo,SP,1,1,6.9,9.0,6.9,1.0,6.0
1fbe10c70e30765ed1de86d9f7e98409,maua,SP,2,6,98.75,59.36,16.46,1.5,7.83
1fdc574883ef3b33ad41562d93f3a74a,limeira,SP,18,18,4251.0,273.27,236.17,4.44,11.11
1fddcb7b326905d3ad5efe82187db347,sao paulo,SP,1,1,92.0,13.22,92.0,1.0,
1fe5540d7c1c37a595fefbacd5570d9e,paraiba do sul,RJ,20,25,4537.6,581.15,181.5,4.28,11.92
1fe61aa5494bd3ae92a2c13e067c810f,santa cecilia,SC,1,2,537.76,100.82,268.88,4.0,8.0
2009a095de2a2a41626f6c6d7722678d,sao jose do rio preto,SP,8,12,388.89,193.54,32.41,3.92,9.83
2039c5e51785b5dde7cf93ccb3b7be2c,guaira,SP,1,1,159.9,13.78,159.9,5.0,8.0
204b4e07bddef3c9b317f70189135b22,borda da mata,MG,1,1,73.4,14.73,73.4,5.0,10.0
2059c39f76271d4ca3f15b5ffaccc8b8,curitiba,PR,12,12,604.9,186.39,50.41,4.5,9.67
20611af7866c6068fd5ae1f9dbe15c92,porto ferreira,SP,2,2,219.8,114.5,109.9,4.5,8.5
2063dd1b9f568df1c16741ea7d3e6adb,guarapuava,PR,3,3,763.1,57.17,254.37,5.0,12.67
2075d8cd4dd63ff12df0749a5866bb06,curitiba,PR,3,3,184.7,57.53,61.57,5.0,4.67
2078fe5066350e7d220c0ad3a3bbc6c1,arapongas,PR,1,1,29.9,38.14,29.9,2.0,
2089a6d640999f9b9141ac719b2af596,sao carlos,SP,44,44,8830.82,695.12,200.7,3.73,19.51
20a7efa9721046319bdde5d60b6b5365,laguna,SP,3,6,501.2,95.39,83.53,5.0,15.17
20a8b0dc55da94fe74d112082427c84f,itu,SP,7,7,407.4,123.98,58.2,4.29,8.14
20b54c376b794ed028df09a3cd88e8dc,sao caetano do sul,SP,11,11,1342.95,163.6,122.09,3.0,21.14
20cb7c2fde3e5bf10f0bbe7394e1c6a9,andira-pr,PR,32,51,861.9,798.38,16.9,3.84,12.2
20d53aad4fe5ee93a64f8839609d3586,santa rita do sapucai,MG,2,2,51.9,34.54,25.95,2.5,39.0
20d83f3ef0e6925fd74bfd59170babf7,sao paulo,SP,40,54,2903.6,653.61,53.77,4.35,8.48
20f0aeea30bc3b8c4420be8ced4226c0,santa barbara d'oeste,SP,1,1,14.9,14.52,14.9,,45.0
20fd2d2080ed85fa67fad3fcbb2c1813,colombo,PR,1,1,85.9,19.57,85.9,1.0,
2138ccb85b11a4ec1e37afbd1c8eda1f,sao paulo,SP,396,429,12357.03,6069.22,28.8,3.9,11.25
213b25e6f54661939f11710a6fddb871,salto,SP,155,194,15379.5,3460.46,79.28,3.79,15.17
213fafb0ca06fb3d5886579c2565791b,sete lagoas,MG,3,3,189.7,27.16,63.23,2.33,4.0
2156f2671501a81034d7d07f217609d0,sp,SP,22,22,2981.5,452.39,135.52,3.86,15.24
217f005bb37ff3aeef5b2ae1788e75ba,osasco,SP,3,3,74.97,45.25,24.99,3.33,14.5
218d46b86c1881d022bce9c68a7d4b15,ribeirao preto,SP,388,427,55093.28,7644.26,129.02,4.15,13.75
218f991754f360af9c2daa5e0b8e990c,sao paulo,SP,14,17,3554.32,265.22,209.08,3.53,13.24
2199e7fe213c16213bf5d6a7eadc9a5d,registro,SP,25,31,4078.29,569.49,131.56,4.29,11.13
21c62b998a043ebe31161d38f84929fc,fortaleza,CE,4,4,750.49,90.84,187.62,4.5,13.5
21d59342ba150175ca2aa4f8faddeca6,itaquaquecetuba,SP,2,2,259.9,74.39,129.95,4.5,8.5
21e83881401b92b49fb09a16d3852291,uberlandia,MG,14,15,3588.05,594.48,239.2,4.33,11.0
2235cf78d3e2073a88146a9cb60f0dd0,sao paulo,SP,1,1,178.99,25.77,178.99,5.0,15.0
226b05fe067266c59c15dae208213d06,curitiba,PR,10,11,1056.9,188.68,96.08,4.18,9.82
228e4c1a0be164f613d41c24345f9d2c,bandeirantes,PR,5,5,539.7,229.74,107.94,5.0,11.0
229c3efbfb0ea2058de4ccdfbc3d784a,belo horizonte,MG,121,148,15744.0,2362.57,106.38,3.64,10.8
22a23e5ac7061fc538cc2a019afaaf16,belo horizonte,MG,1,1,95.0,14.42,95.0,3.0,11.0
22c32ec35d0116ef02c281798a25bf8b,maringa,PR,4,6,119.58,90.43,19.93,3.5,9.5
2305ab43e846518f58dd9d59f3f54e96,sao paulo,SP,3,3,788.89,42.37,262.96,3.67,12.0
232a6014e7b10cba61c6c2b2ea6bb4b0,cafelandia,SP,33,36,3919.87,1213.4,108.89,4.09,13.74
23613d49c3ac2bd302259e55c06c050c,porto ferreira,SP,70,80,4293.0,2167.76,53.66,3.66,13.85
236585a4ddb5fea9fa40233e2249ed91,caxias do sul,RS,11,11,649.53,188.14,59.05,4.09,13.0
2379bdc3888025689a9deb7b141507d5,mogi mirim,SP,9,9,999.5,126.11,111.06,4.33,18.22
238fac594e170b59c6d228f5a4f4f1d9,dois corregos,SP,29,30,3126.0,1419.52,104.2,3.97,12.3
23a0ffca143a15b9b5bbdb7d552f626a,sao pedro,SP,23,24,3718.51,585.77,154.94,3.96,11.04
23c38debaffe4a25a30fdbd9b586a13f,votorantim,SP,41,46,5382.18,834.38,117.0,4.3,11.54
23ca5f678e0b3ea6c630b30fa8bf51ea,sao paulo,SP,6,7,183.0,96.39,26.14,5.0,7.71
23d7c96d4a1160db1c726b248601b25a,capivari,SP,53,55,11766.94,1379.58,213.94,3.82,13.17
23ff42c4bf1f8f16cddb19d8b972974a,itau de minas,MG,2,3,174.7,52.97,58.23,4.33,12.0
240b9776d844d37535668549a396af32,niteroi,RJ,36,36,13592.08,860.57,377.56,4.28,11.34
244b04680fdbded0acf5aebd9c92b44a,jundiai,SP,3,3,3477.7,138.81,1159.23,1.0,38.0
244c2f1bff6afe1f2eaf9bfe9b2aed38,mogi das cruzes,SP,23,27,2580.0,1214.87,95.56,3.81,15.22
247587846358bb1d2e4c6522020b36fe,sao jose do rio preto,SP,1,1,99.0,22.51,99.0,5.0,5.0
2493dc3f20131696a0ecdb9948051a8d,brasilia,DF,4,4,504.38,70.69,126.1,4.75,9.5
249f0e9905a6e06ad6c6bea7547ab9f6,rio de janeiro,RJ,3,3,347.95,39.04,115.98,3.67,6.0
24a6daf925d9d591870a66660416de31,robeirao preto,SP,2,2,60.0,30.08,30.0,4.5,13.5
24c1de8d9551c0b4fbc53317d53efda8,serra redonda,PB,1,1,355.0,57.12,355.0,5.0,13.0
2528513dd95219a6013d4d05176e391a,osasco,SP,161,167,32689.1,3749.65,195.74,3.95,10.5
2528744c5ef5d955adc318720a94d2e7,jundiai,SP,5,5,6245.0,263.7,1249.0,2.4,10.0
252e76235acb79183cfca6e34f13337d,campinas,SP,3,4,261.2,60.57,65.3,3.75,14.75
253c025bab43881055aeecde5e2d8b77,curitiba,PR,2,2,94.82,29.51,47.41,4.5,17.0
253f95b3a0e6983ae18aed49fbc2b845,sao paulo,SP,5,5,799.5,91.44,159.9,4.4,9.0
257e61d3251fb5efb9daadddbc2cf7ca,apucarana,PR,12,12,7729.0,1077.18,644.08,4.75,8.08
258447aad3f7b01e2643c89f64dc5647,cianorte,PR,1,1,51.9,19.55,51.9,5.0,8.0
259f7b5e6e482c230e5bfaa670b6bb8f,poa,SP,138,165,8526.04,2739.21,51.67,4.21,8.54
25be943a321c8938947bdaabca979a90,sao bernardo do campo,SP,5,5,769.0,138.55,153.8,3.0,3.0
25c5c91f63607446a97b143d2d535d31,itauna,MG,158,269,54679.22,7000.11,203.27,3.72,13.81
25cf099de44674fde97473224f9d59ab,cotia,SP,50,50,1654.36,705.19,33.09,4.33,9.3
25debeafbce801fdd479539350185eee,igaracu do tiete,SP,6,7,302.84,100.01,43.26,2.43,14.67
25e47381a6c510ddeb36084e33b89f0c,praia grande,SP,16,17,1289.6,282.11,75.86,4.06,9.94
25e6ffe976bd75618accfe16cefcbd0d,sao paulo,SP,108,117,11691.61,1705.24,99.93,4.38,9.97
262237171f48e85819065498cac80d7b,brusque,SC,4,10,599.0,150.0,59.9,4.3,8.8
2646baaf662d4d92ac48f047e35db92d,sao paulo,SP,15,18,1263.05,286.34,70.17,4.56,5.28
26562f211dd1364af2a8596dc945e8ae,sao bernardo do campo,SP,2,2,99.0,16.11,49.5,5.0,2.0
265fdc289dffa9f1ad801c74f7d0de47,jaci,SP,1,1,495.0,51.55,495.0,5.0,7.0
26785a546900236d66f2e4197c211158,sao paulo,SP,15,15,1019.2,225.45,67.95,4.67,5.73
269c5fc9fcadee614364c3620c30a1f9,guarulhos,SP,3,6,209.6,45.12,34.93,5.0,4.67
269cff2d3c8d205c11f37a52402ea93b,catanduva,SP,4,5,1281.59,133.41,256.32,4.4,7.0
26af45f5dfd967225a832838aa4e24a3,curitiba,PR,10,11,573.1,198.51,52.1,4.18,9.09
26b482dccfa29bd2e40703ba45523702,santa barbara d´oeste,SP,3,4,344.78,67.63,86.2,5.0,3.25
26bad72add1f86e08a776ce4ffdaf1ca,pedregulho,SP,7,7,622.0,123.92,88.86,4.43,10.71
26d6bbee02420494d471c9f6436929c0,curitiba,PR,12,13,434.51,247.19,33.42,4.69,7.85
26d8a1c7c75d513045798992ead43aa2,apucarana,PR,36,38,8244.12,701.66,216.95,4.24,12.39
26e13b6ff5b641b329e5524241ee2c93,franca,SP,4,4,119.7,69.98,29.93,4.0,6.75
26e2c91ef821e1ff8985f408788fe35b,ibitinga,SP,12,14,1649.4,274.47,117.81,3.0,24.79
26e2e5033827d2ba53929f43e03d8ffe,sao paulo,SP,1,1,139.49,15.29,139.49,5.0,5.0
26f6b7ab07be3e9e69ce82a6552efc19,rio de janeiro,RJ,2,2,54.8,25.95,27.4,3.0,10.5
270297ead4c65a6cd2593960d2af6b21,sao paulo,SP,18,20,9422.4,546.1,471.12,3.74,14.42
270572bb714b00531be85e16e1550f26,maua,SP,1,1,96.99,14.77,96.99,5.0,11.0
2709af9587499e95e803a6498a5a56e9,sao paulo,SP,26,47,1279.56,579.46,27.22,2.57,12.74
270d3ef21830ad0ecf3a6c53d08a533a,carapicuiba,SP,6,18,509.0,234.67,28.28,2.22,11.24
271b8923c6a549e02d3c9fd1f8c0422b,praia grande,SP,1,1,105.19,13.4,105.19,4.0,14.0
271c58a1d139c45eaf3316107c6d3a3b,sao paulo,SP,29,29,3897.52,671.19,134.4,4.07,13.11
272f092de69afedd4d2969440b37f18f,sao paulo,SP,26,40,1935.33,536.01,48.38,3.99,9.36
2745f798279e0ed033addcc1474776d7,sao paulo,SP,32,32,3668.53,696.46,114.64,3.97,13.22
276677b5d08786d5dce7c2149dcce48b,belo horizonte,MG,33,47,3522.0,798.64,74.94,3.81,11.0
278b6e0b20c4f61fefaa0577943d7a35,itajai,SC,1,2,1078.0,74.62,539.0,1.0,
27a56ff04b34c2ba34ce6ba4d3b9d616,campinas,SP,8,8,349.29,102.98,43.66,4.13,12.88
282c7480173bb9c01dd41cc739fec010,sao paulo,SP,5,8,4274.2,192.11,534.28,4.43,13.88
282f23a9769b2690c5dda22e316f9941,belo horizonte,MG,99,110,6505.08,1881.88,59.14,4.3,11.13
28405831a29823802aa22c084cfd0649,sao paulo,SP,7,7,245.0,88.18,35.0,4.29,7.17
28872dc528e978a639754bc8c2ce5a4c,caxias do sul,RS,1,1,1009.9,29.0,1009.9,5.0,4.0
289cdb325fb7e7f891c38608bf9e0962,belo horizonte,SP,110,126,13544.95,2094.34,107.5,4.58,6.58
28a26ebce31d5918b181ede016fd693b,belo horizonte,MG,1,1,29.9,17.14,29.9,5.0,11.0
28c7d8743fbc8679f484868cc0fcaefb,itaporanga,SP,3,3,201.5,68.86,67.17,5.0,13.33
28d162ab86bb49d719c32f0ee6186eaa,ribeirao preto,SP,1,1,109.99,17.21,109.99,4.0,16.0
28ea411b354f14b1a494be4e79f0ce02,sao paulo,SP,6,6,820.0,76.93,136.67,4.67,9.17
28f10b1c5e5abb9d4857745bede6147c,sao paulo,SP,28,28,835.0,350.42,29.82,4.0,7.61
28fb0829fd777877cdc350d25cb5bd5b,sao jose do rio pret,SP,4,4,499.6,69.66,124.9,3.75,14.0
293dee954235e4e4e43f129313625ebe,brasilia,DF,8,8,1778.92,240.3,222.37,5.0,14.5
2953ce3a88f5e3c3b696d77fc9e4c8eb,sao paulo,SP,14,15,470.0,161.32,31.33,4.67,7.87
296729ffb9b684050dd24836dac4494a,curitiba,SP,2,2,114.0,35.61,57.0,5.0,7.0
297d5eccd19fa9a83b2630071ff105e4,curitiba,PR,8,8,834.97,141.76,104.37,5.0,7.0
299c89a525fee36c567f4fe72f038100,varzea alegre,CE,2,2,658.0,99.75,329.0,2.0,10.0
29c322e3f09f886f8bacbe91dfbd979e,santa maria,RS,1,2,48.98,56.59,24.49,5.0,7.0
29e6e05b65f93bc224c644319dc52ecf,juiz de fora,MG,4,4,475.6,83.32,118.9,4.75,6.75
29fe9f200d3fa0c668d2aa1ec7e08dfb,balneario camboriu,SC,5,5,400.0,114.16,80.0,4.0,10.6
2a1348e9addc1af5aaa619b1a3679d6b,belo horizonte,MG,52,55,2843.0,788.4,51.69,3.0,27.22
2a167ca73899c85001a837d8fb4962f6,sao paulo,SP,2,3,4097.0,100.62,1365.67,4.33,7.33
2a261b5b644fa05f4f2700eb93544f2c,porto ferreira,SP,51,82,5355.0,2041.73,65.3,3.35,14.38
2a50b7ee5aebecc6fd0ff9784a4747d6,brasilia,DF,1,2,199.8,64.44,99.9,1.0,40.0
2a5b78b41cd05baeac8df54c6606b92c,formiga,MG,49,60,19025.36,1107.47,317.09,4.08,9.27
2a61c271b1ac763450d846849783e922,santo andre,SP,18,23,1516.76,496.37,65.95,3.65,20.04
2a6fbeaa7ab9e5d59a35841a8da71ce4,jaragua do sul,SC,30,30,1632.79,632.49,54.43,3.93,14.43
2a73cba571d90c694b7caca072ccf6ce,sao caetano do sul,SP,1,2,342.78,38.7,171.39,5.0,21.0
2a7c6c0b0d5efde2bf75ec1e1cec2d41,maringa,PR,3,3,147.6,44.44,49.2,3.33,10.33
2a7dc43cecabf23403078e2188437d1d,sao paulo,SP,52,54,4795.91,833.71,88.81,4.09,12.81
2a84855fd20af891be03bc5924d2b453,belo horizonte,MG,164,168,15819.1,3451.51,94.16,4.24,8.49
2aa3443d7bf9d9bb11133f420d75e083,rio de janeiro,RJ,10,10,647.0,134.12,64.7,3.0,10.5
2aafae69bf4c41fbd94053d9413e87ee,porto alegre,RS,2,2,94.0,29.87,47.0,4.5,9.0
2addf05f476d0637864454e93ba673d5,brasilia,DF,12,12,4552.0,325.64,379.33,5.0,10.42
2b03ac196f5ed62ac483960fe0fa3b65,sao paulo,SP,7,7,843.1,92.09,120.44,4.14,12.71
2b1a40c1daabc6ca280c4b815c101841,divinopolis,MG,23,35,12732.6,1902.28,363.79,3.63,13.82
2b2fed75b8e5ea3a052fc4c0825da485,juiz de fora,MG,3,4,510.9,59.93,127.73,5.0,5.0
2b3b9ce054da76a7428df143a567b156,sao paulo,SP,5,6,301.0,62.28,50.17,3.17,6.83
2b3e4a2a3ea8e01938cabda2a3e5cc79,sao paulo,SP,52,54,23629.15,905.95,437.58,4.39,8.61
2b402d5dc42554061f8ea98d1916f148,irece,BA,1,1,299.89,63.9,299.89,5.0,6.0
2b5ed0c9139dae8883a200dfcb272ece,sao paulo,SP,4,4,85.41,59.34,21.35,4.25,16.75
2ba91c7ad80ff88b23b7db823b43c233,itu,SP,6,6,740.4,99.93,123.4,3.83,18.83
2bd05d410a8fd26dc4184a15f4f2f588,belo horizonte,MG,6,7,1316.73,198.54,188.1,5.0,9.29
2bdb95a56a36ebbc6640337ac5eac174,sao paulo,SP,1,1,89.9,18.0,89.9,5.0,6.0
2be17df1c49978426251562096c3cc09,tubarao,SC,16,16,2165.0,312.55,135.31,4.19,12.25
2bf28e311bba65237358230cabac3f15,londrina,PR,7,8,294.0,183.88,36.75,3.88,12.5
2bf6a2c1e71bbd29a4ad64e6d3c3629f,nova friburgo,RJ,30,31,50628.9,1000.59,1633.19,4.19,13.29
2c00c85d30361cd2ced2969cffbbffa3,belo horizonte,MG,1,1,49.8,7.71,49.8,5.0,2.0
2c2c9832d1bb38c5b0034a3b47d313ee,santa maria,RS,1,1,49.9,18.45,49.9,3.0,12.0
2c3d56f92f360fb89d849b84e8f50eae,barueri,SP,8,8,465.6,124.84,58.2,3.13,13.57
2c43fb513632d29b3b58df74816f1b06,belo horizonte,MG,3,3,858.0,72.17,286.0,3.67,4.67
2c4c47cb51acd5ea5db5e0ae0e26542a,buritama,SP,12,15,2575.9,341.47,171.73,4.6,10.73
2c538755f1ca9540af144f266e70df6c,castro pires,MG,1,1,334.99,24.92,334.99,5.0,6.0
2c54051840f19eca309a5423cf22df36,curitiba,PR,2,2,23.7,28.57,11.85,4.5,8.5
2c9005d8043aff18b8557ffb7b13cda4,cachoeiro de itapemirim,ES,1,1,109.9,19.74,109.9,5.0,8.0
2c9e548be18521d1c43cde1c582c6de8,mogi das cruzes,SP,126,174,6109.44,2493.61,35.11,3.92,13.68
2cb4700db635baa1c0d4f90ed27b6669,curitiba,PR,2,2,199.8,28.92,99.9,2.0,16.5
2cb6eb1b7185064167657fa09f541105,sabara,MG,6,7,1217.9,164.78,173.99,4.57,8.29
2cb98e27ce1c18abdb42209b34c382a7,ribeirao preto,SP,1,1,62.49,57.21,62.49,4.0,19.0
2d20f1cd18725c91147da0791d498022,londrina,PR,1,1,99.8,19.89,99.8,5.0,10.0
2d22fc3089eb907b29ebff50581fb472,macae,RJ,3,3,317.7,59.69,105.9,3.67,9.67
2d2322d842118867781fc737e96d59a1,sao paulo,SP,8,10,176.4,104.97,17.64,4.9,7.2
2d2c62bef4c8ba0dd74e0e228e808539,ribeirao preto,SP,16,16,3749.0,481.48,234.31,4.13,10.19
2d34636518ba88f5349b732fcf8ba2e4,sao paulo,SP,1,1,150.0,18.63,150.0,5.0,11.0
2d378dbb39815785238c0139c7647fb7,sao francisco do sul,SC,2,2,1154.0,300.44,577.0,5.0,19.5
2d42ebcda99fd55f6f4bc2f1ca035d50,uruacu,GO,10,11,921.5,282.47,83.77,4.0,9.55
2d50d6282f8aa2257819a77bfaa0efe0,ibitinga,SP,44,45,3353.48,798.04,74.52,3.64,13.72
2d518637f53161b973e01f56ea4bb88e,sao paulo,SP,13,13,1219.89,319.81,93.84,4.92,13.46
2d8cfba3fcd3170555941605edaa196a,osasco,SP,1,1,45.0,10.96,45.0,5.0,5.0
2d9e8987a2ea5cf88dce330249043ff1,jaci,SP,2,2,239.8,104.37,119.9,4.5,8.5
2dcf93836ae3ce0d7c93e2f10876467a,sao jose dos campos,SP,9,12,1443.8,178.64,120.32,4.17,6.58
2dd1fb6f0e42a2243b8a01e40cd41216,curitiba,PR,4,5,845.89,96.84,169.18,2.6,15.75
2dee2ce60de9709b1a24083217181a1f,sinop,MT,54,55,7784.5,2060.06,141.54,4.36,14.38
2e0dba2da448400b1c11d7b4b22f32a4,santo andre,SP,7,13,235.87,171.83,18.14,3.77,9.0
2e13c71026e1a39ba5cc1b86dcb679aa,sao paulo,SP,24,28,3793.0,517.21,135.46,4.25,10.32
2e1a7d075abe038c1b2743005fe42ff1,sao paulo,SP,19,23,1396.7,353.85,60.73,3.7,15.0
2e1c9f22be269ef4643f826c9e650a52,sao paulo,SP,167,173,12687.68,2434.69,73.34,4.16,9.62
2e2f44824ab87a0cb961f68bf4073e7f,curitiba,PR,1,1,48.0,17.93,48.0,2.0,11.0
2e3be8a987a30d7544dbbda6861cc14e,belo horizonte,MG,18,19,4430.84,346.71,233.2,3.05,14.0
2e7ea2aafec5835e781b21d6d1faf1f1,sao paulo,SP,7,7,528.4,118.22,75.49,4.5,7.14
2e90cb1677d35cfe24eef47d441b7c87,sao paulo,SP,127,137,13894.71,2887.45,101.42,4.04,12.05
2ea0861cc19e94cad86438c984c52da4,sao paulo,SP,6,6,165.6,62.45,27.6,3.33,5.17
2eb70248d66e0e3ef83659f71b244378,campinas,SP,202,212,42628.61,3231.49,201.08,2.71,17.88
2ec6e37d992a95eaddb3369dcbcc76d9,porto alegre,RS,2,2,159.8,24.14,79.9,1.5,9.5
2ee0a0689f2f6a72f35a7cb6033f6e7e,presidente prudente,SP,4,4,272.0,52.84,68.0,4.0,9.75
2eeb6531ee027a48d401e72bebdd87d3,sao jose dos campos,SP,3,3,38.7,40.0,12.9,4.33,12.33
2ef086a599b597572aca4433b7ed6b3d,jaragua do sul,SC,1,1,49.0,15.1,49.0,5.0,11.0
2f09f7d37a97956d11cc1a7cadd5262b,ribeirao preto,SP,11,12,2005.0,463.41,167.08,3.08,13.13
2f1e7b90e01d9f086cbcb301c0c3d406,blumenau,SC,1,1,59.0,12.66,59.0,5.0,8.0
2f3d8b4c9e2ee165075331fea3f3095a,sao jose,SC,1,1,130.0,17.35,130.0,5.0,12.0
2f4b0d3b9634b647d4edee577d7ebb7e,sao paulo,SP,10,11,337.9,84.41,30.72,4.91,6.36
2f4b9d112bfa44a214bc6cef085d17c8,afonso claudio,ES,5,6,293.99,119.27,49.0,4.33,14.17
2f73e04d12cdf0c945ded66bb3fcf6c7,cachoeiro de itapemirim,ES,3,3,1359.0,101.85,453.0,3.33,14.0
2f74af7a0ee5636f12c2336f9fffed47,sao paulo,SP,13,13,560.7,163.77,43.13,4.31,9.69
2f9b7ce230a057a98a9f5df5893ee36c,barueri,SP,2,2,141.82,30.03,70.91,4.5,10.5
2fa13c8bd5705d279f7ed5cc9ec61c68,sao paulo,SP,2,4,87.4,61.3,21.85,5.0,5.25
2fb25ab44bdbeae6a4d816e0d0c9d500,volta redonda,RJ,5,5,683.08,78.21,136.62,4.8,8.4
2fdde51ad3e12f297da656d4fbd5d0b5,joinville,SC,10,10,6252.0,622.14,625.2,4.7,15.33
2ff6b7bff164ef05590a52734e1296da,londrina,PR,7,7,1803.59,151.53,257.66,4.71,11.71
2ff97219cb8622eaf3cd89b7d9c09824,salto,SP,89,96,4476.9,1389.13,46.63,4.54,8.7
3076499bbc033a927bf4a8a41bcf7fd4,auriflama,SP,7,9,359.33,124.3,39.93,4.44,7.0
3078096983cf766a32a06257648502d1,scao jose do rio pardo,SP,59,64,8285.42,1415.48,129.46,4.2,11.87
30829ded4523ab9224b93bc49a62c95f,parai,RS,18,31,6911.71,638.0,222.96,3.58,10.35
3092c0b297aacfb4bb6e056ebe13b9b8,aruja,SP,19,21,1623.9,360.09,77.33,3.57,13.53
30a2f535bb48308f991d0b9ad4a8c4bb,santa barbara d'oeste,SP,71,87,4731.3,1084.06,54.38,4.25,8.36
30a81d8cf85fb2ada1b1b094c9583a95,sao paulo,SP,17,20,1245.42,168.1,62.27,4.85,3.9
30c7f28fd3a5897b2c82d152bb760c17,niteroi,RJ,7,7,2178.27,324.89,311.18,1.67,20.33
312ba1d77e9c332ef21f9598b7f64cd7,guarulhos,SP,9,10,756.0,132.05,75.6,2.7,25.57
31344c16881c08a8a72c6d2eb29918c1,uba,MG,43,43,9615.7,2296.92,223.62,4.35,15.67
31561f325664a8a7aba4c8d0c3a9b3db,sao paulo,SP,36,38,2702.19,627.17,71.11,4.58,7.24
318f287a62ab7ac10b703ac37435a231,sao paulo,SP,52,62,2517.48,1117.12,40.6,3.87,12.11
31ae0774c17fabd06ff707cc5bde005f,americana,SP,11,11,6719.85,850.82,610.9,4.0,11.64
31be790e64fc99f8ff48ec2bd18a3104,sao bernardo do campo,SP,6,6,241.4,72.28,40.23,4.33,6.5
31da954dc0855f2495c6310f70a2f931,araras,SP,29,30,4583.0,449.71,152.77,4.23,8.07
31e60bf8d103ce47932a85f5562deb16,goiania,GO,1,1,181.0,58.04,181.0,5.0,15.0
31eec405c9bb71dec8e2629a92e764fa,cachoeiro de itapemirim,ES,5,5,256.89,170.24,51.38,4.6,8.6
323ce52b5b81df2cd804b017b7f09aa7,sao paulo,SP,30,30,2554.2,401.47,85.14,4.31,17.03
324583d68897f5ddbaf38f6248322176,sao jose do rio preto,SP,2,3,84.0,43.99,28.0,1.0,25.0
325f3178fb58e2a9778334621eecdbf9,taboao da serra,SP,36,46,981.7,451.67,21.34,4.46,6.28
327b89b872c14d1c0be7235ef4871685,manaus,AM,3,3,1177.0,81.8,392.33,2.33,48.0
3289d8c3eef4873f91ce0b1343c0dd58,praia grande,SP,1,1,199.99,19.28,199.99,5.0,14.0
328acb143b4a73aad6bee8e734f5d20d,foz do iguacu,PR,2,2,699.98,34.77,349.99,4.0,12.0
3296662b1331dea51e744505065ae889,catanduva,SP,1,1,517.8,27.71,517.8,5.0,3.0
32b8764b4ef628b53608fc34011fcc13,lages,SC,36,38,8884.0,2970.42,233.79,4.24,11.24
32e5635e63cb374eb63afdd242fb6134,rio de janeiro,RJ,1,1,910.0,17.82,910.0,5.0,8.0
32f1bb9dfa65bc7df5c0d9d95a616be4,sao paulo,SP,5,6,276.39,55.78,46.07,3.4,6.2
32f83ffe11cd40f7adcf4eef171f52d9,uruguaiana,RS,1,1,29.99,15.1,29.99,5.0,11.0
32fdd5d44ecb43dfd6a24b9369eca144,carmo do cajuru,MG,8,8,479.2,138.68,59.9,4.38,16.13
3338e7a0710a195872be80e0d2423867,piracicaba,SP,1,1,45.0,20.43,45.0,1.0,
333c4210e76a1aa2ab817b99437e3ff1,vargem grande do sul,SP,2,2,335.0,67.43,167.5,5.0,7.0
3340ef1913fb70d28420f6ceb685c339,maringa,PR,32,42,6731.15,750.4,160.27,4.33,15.5
334cab711dee080b079fa5779b584783,santo andre,SP,11,26,1069.7,351.67,41.14,4.96,6.81
33576ec5412fb5905d876f12f33bfde6,curitiba,PR,31,32,2718.0,569.98,84.94,4.13,14.53
3361277dc30b7cccdb0c286b24219756,maringa,PR,29,42,3905.05,635.85,92.98,4.21,13.93
3364a91ec4d56c98e44174de954b94f6,porto velho,RO,6,6,3579.94,273.91,596.66,3.83,14.83
33a17d60c64393351ebf1ef860f4e0f2,porto alegre,RS,43,47,8152.48,1279.38,173.46,4.62,10.51
33a6f4b1e7cdc205511e76ba1b6e0186,guarulhos,SP,105,126,10295.01,1888.9,81.71,4.36,8.44
33ab10be054370c254ddfcf0a6253422,rio de janeiro,RJ,4,4,213.2,52.33,53.3,5.0,5.75
33ac3e28642ab8bda860a2f693000e78,cotia,SP,34,35,3661.03,490.09,104.6,4.23,8.63
33c51922b6e3c16b24a8f28e5833c99d,londrina,PR,18,20,6657.87,368.01,332.89,4.28,14.8
33cbbec1e7e1044aaf11d152172c776f,bento goncalves,RS,15,16,730.67,398.83,45.67,4.69,8.19
33cbda8716511e27e556dff9d8418bf2,blumenau,SC,5,6,507.4,108.17,84.57,4.83,13.33
33d677f27a69b84051204ee4ae76eaca,joinville,SC,9,10,165.0,173.49,16.5,4.6,9.2
33dd941c27854f7625b968cc6195a552,vila velha,ES,5,5,6787.5,380.91,1357.5,4.4,11.4
33fd411ed63a7c2f9005e3f065d9f85d,condor,RS,1,1,24.9,18.23,24.9,4.0,8.0
34056b8b55c1775a22af2331670a799c,penapolis,SP,78,78,6455.4,1774.49,82.76,4.0,12.83
340636a908b13bbe0f4fb63fbe1d0c03,sao jose dos campos,SP,5,6,823.2,169.95,137.2,3.0,7.67
343e716476e3748b069f980efbaa294e,campinas,SP,17,24,922.6,312.1,38.44,4.0,15.61
3442033154be05bac582e173ef54fd12,sao paulo,SP,1,1,161.0,8.39,161.0,5.0,4.0
344223b2a90784f64136a8a5da012e7f,gaspar,SC,1,1,10.9,16.79,10.9,2.0,33.0
3442f8959a84dea7ee197c632cb2df15,campinas,SP,3,3,218.7,27.9,72.9,3.0,13.0
34675b28b826facfde119785bf287dc1,cascavael,PR,1,1,21.99,15.1,21.99,4.0,6.0
3481aa57cd91f9f9d3fa1fa12d9a3bf7,capivari,SP,25,25,1773.03,774.14,70.92,3.88,10.2
3492e68f37fd1df87f4f2f2ea247f445,salto,SP,8,9,787.86,169.4,87.54,3.56,10.22
34a557286ead8fe75c989e0afcf7d98c,franca,SP,4,4,414.9,58.56,103.73,4.75,8.0
34aefe746cd81b7f3b23253ea28bef39,curitiba,PR,1,1,8.0,14.52,8.0,1.0,
34d1ca11b242c0fee2c834ae8d788566,congonhas,MG,40,41,13422.24,982.04,327.37,4.3,13.1
34f563c82a85b99ae9e6d60db5fc2e28,campo bom,RS,8,8,2332.3,246.2,291.54,4.63,10.75
3504c0cb71d7fa48d967e0e4c94d59d9,maua,SP,53,53,2349.94,687.37,44.34,4.42,7.21
35281d148dcf7134bae913c57db4e6da,sao paulo,SP,1,1,119.99,17.03,119.99,5.0,6.0
353e21e8bf8de2722b4fae1636664b76,canoas,RS,4,4,208.0,91.89,52.0,2.5,9.0
35857757f553273b1056c1cabdace7fb,ribeirao preto,SP,6,6,454.6,118.74,75.77,4.0,18.0
3586b8580d9c917874e053a1bb37b5ff,araraquara,SP,36,43,1524.7,827.65,35.46,4.44,13.98
35b96509602ec4b7da831b5cd73ff2c2,sao leopoldo,RS,2,2,558.9,47.55,279.45,4.5,9.0
35ef5aa32949680f627efec3c23e705c,sombrio,SC,4,5,361.6,156.81,72.32,3.2,12.2
35fb511489d9ee3ee27a76debce9df06,londrina,PR,7,7,414.5,172.29,59.21,3.57,16.86
3606774ec64634822d78dc2db6d37045,sao caetano do sul,SP,2,2,299.8,45.4,149.9,3.0,16.0
365e445f796710c3431557e85caa25db,sao paulo,SP,4,5,1115.0,79.3,223.0,4.4,9.8
365e4bce19bda0082c3d15d83fdb8bcd,sao caetano do sul,SP,6,7,796.4,98.62,113.77,4.71,11.57
36890be00bbfc1cdb9a4a38a6af05a69,osasco,SP,13,13,1361.3,239.58,104.72,4.23,9.38
36a968b544695394e4e9d7572688598f,santos,SP,154,162,9482.87,2146.0,58.54,3.63,10.71
36f98ad67cc981f50ce8aed093d5783c,toledo,PR,2,2,119.4,39.22,59.7,4.0,6.5
37303482a42fb700d8d127e70a9cd6c8,campinas,SP,2,2,148.89,22.49,74.45,3.0,2.0
373ee4a3a775a733770ca3f790b8b9ac,rio de janeiro,RJ,13,22,2141.49,290.32,97.34,4.0,10.55
37515688008a7a40ac93e3b2e4ab203f,dracena,SP,228,240,5986.6,3431.1,24.94,4.08,14.95
376a891762bbdecbc02b4b6adec3fdda,goiania,GO,57,58,6406.23,1287.4,110.45,4.67,12.02
376d67b61dce0c990155286e7ae486a4,sao paulo,SP,1,1,94.0,17.91,94.0,4.0,14.0
3771c85bac139d2344864ede5d9341e3,sorocaba,SP,26,30,1433.3,408.96,47.78,3.57,12.77
377bc18334c78dd2f1535ef22a3ad225,sao jose dos pinhais,PR,1,1,135.98,88.46,135.98,5.0,10.0
3785b653b1b82de85ab47dd139938091,ampere,PR,21,24,1552.0,481.27,64.67,4.75,11.25
37be5a7c751166fbc5f8ccba4119e043,sao paulo,SP,272,281,55350.55,6083.33,196.98,4.32,10.53
37ceb404da208418c9032f0674e57804,sao paulo,SP,1,3,204.93,69.18,68.31,1.0,
37dd29b36c458d82f74a953c40c43645,limeira,SP,7,8,4536.99,479.44,567.12,4.0,18.88
38102b031c2a15e54623d711bfc753d3,mucambo,CE,9,11,457.0,352.41,41.55,3.64,21.5
381c83fdca332ea6afd896da20bf6e4a,curitiba,PR,46,46,7355.8,999.21,159.91,4.39,12.59
3820c6537b3853be1a0687d5a60807ec,cotia,SP,1,1,25.0,10.96,25.0,,
382229d1e840115ffe3dbf5ff460e417,rio de janeiro,RJ,46,49,4096.96,869.66,83.61,4.27,8.9
385799a1cddbd26dfeb9157356a42282,sao paulo,SP,5,7,633.93,82.61,90.56,4.29,6.83
38874e327ce94d11390b96eb42d61928,itaquaquecetuba,SP,6,6,3779.94,378.49,629.99,4.0,20.0
389e45560e33d2d0747f949dcddbc08e,sao jose dos campos,SP,1,1,39.0,8.43,39.0,5.0,4.0
38af8acfd46ac4a7bf754e8ca6736664,sao paulo,SP,5,5,345.0,52.94,69.0,4.8,6.2
38e679b9e0064cd94c6f035707344dae,londrina,PR,28,30,3694.51,723.59,123.15,3.93,11.21
38e6dada03429a47197d5d584d793b41,sao paulo,SP,7,12,596.14,206.91,49.68,3.33,12.67
38f276ca6e7cc95a6d1bb55ac9e5550f,marilia,SP,1,1,24.99,11.85,24.99,5.0,5.0
3903c788ded8dc03b5ebab37a2f3e9a1,carapicuiba,SP,5,5,119.98,51.27,24.0,4.0,10.2
391bbd13b6452244774beff1824006ed,campinas,SP,2,2,127.8,35.4,63.9,1.0,45.0
391fc6631aebcf3004804e51b40bcf1e,ibitinga,SP,526,613,39951.95,10190.88,65.17,3.96,14.23
392353362d22cc2c236e1ee81ff19890,blumenau,SC,5,10,288.7,191.97,28.87,4.6,8.5
392e0502231ae2f8b29994ef6398cd77,cerqueira cesar,SP,20,20,1871.7,355.89,93.59,4.16,17.82
392f7f2c797e4dc077e4311bde2ab8ce,rio de janeiro,RN,2,2,52.0,36.56,26.0,5.0,5.0
3935fe5fe0f82787a9dcb8deb62be09d,sao paulo,SP,16,17,1681.69,419.66,98.92,3.94,10.82
3968920b9aa752ab98f7d5888c9252f2,bauru,SP,8,10,523.3,157.71,52.33,4.1,8.5
3969863bb8af7f72580b3b1ffd3a17b3,sao paulo,SP,12,13,623.15,226.87,47.93,4.0,9.69
397c4d0c005b6f41f90098ac724e28cb,santo andre,SP,5,5,8177.0,445.37,1635.4,4.4,16.2
3985a3c45be355a4c57fde108bfabd1c,rolante,RS,7,8,344.2,172.0,43.03,4.13,11.0
3986c0b54f6b748b75e7bd4e092aa3e5,curitiba,PR,1,1,24.99,15.28,24.99,5.0,6.0
398cb257329ef7af7f1943a8974a3cbc,salvador,BA,1,1,145.9,15.47,145.9,5.0,7.0
39a5005f2605cbdb4f9ac14485cabfd1,barretos,SP,3,8,501.07,232.59,62.63,5.0,11.13
39c763cca83e654764b7a4a650fb9b7c,goiania,GO,11,11,761.0,223.21,69.18,3.82,13.55
39d54ff918774174706fb065d7f9dc07,sao paulo,SP,23,25,1593.59,363.4,63.74,3.8,14.96
39d61be7a92eb77b7da367bd4845bc0e,sao paulo,SP,7,14,700.59,209.03,50.04,4.21,10.57
39f776d2974049026ff531fc42ef2a3e,goiania,GO,3,4,1084.04,90.37,271.01,4.0,15.25
3a1a1fec38dd360f15fc912e821e169d,sao paulo,SP,15,15,2007.38,371.25,133.83,3.87,14.27
3a3c180dd702a725bd0ba4117689239e,uniao da vitoria,PR,1,1,41.9,35.48,41.9,4.0,14.0
3a3e46d10f74d8a6ca76e2b538f106a0,sao paulo,SP,3,6,334.9,75.08,55.82,4.17,16.2
3a4127e1ba7208ea37044c5092aae170,sao paulo,SP,6,6,2219.6,91.35,369.93,3.5,11.4
3a490ba60afa30ece0e7d50cfe74a4f0,belo horizonte,MG,8,8,1529.2,165.87,191.15,4.63,11.88
3a52d63a8f9daf5a28f3626d7eb9bd28,aguas claras df,SP,1,1,35.0,17.78,35.0,1.0,6.0
3a734b715d333a2588a3d54a0c9b8746,osasco,SP,18,24,2463.52,395.64,102.65,4.21,11.48
3a79f35a2344ede41af21267f61d5ec6,campinas,SP,1,1,186.0,31.71,186.0,1.0,14.0
3aa3c89ae3cd482385568be76120f63c,goiania,GO,1,1,29.9,19.04,29.9,4.0,11.0
3ab971ce71839580d2ae5b4e40fe8044,sao paulo,SP,36,38,5002.9,896.15,131.66,3.89,6.62
3ac588cd562971392504a9e17130c40b,limeira,SP,1,1,11.9,7.39,11.9,5.0,7.0
3ade81dab5a172b88e1871c28ae05260,sao jose do rio preto,SP,30,32,5751.6,1551.39,179.74,4.06,13.73
3afc536624bc2e65bddfb5db33cc01f3,belo horizonte,MG,6,6,312.0,107.07,52.0,3.5,9.83
3b15288545f8928d3e65a8f949a28291,ibitinga,SP,104,121,14061.79,2451.9,116.21,3.89,14.31
3b18f9856c6eb2413eafedb58e9eecd9,santo andre,SP,1,1,315.0,20.09,315.0,5.0,9.0
3b872fd4747f01cc56206f2934198618,ibitinga,SP,25,27,2726.74,1116.37,100.99,3.89,14.26
3bb32fedaa74e4ad20f4ce067733bd31,porto belo,SC,2,3,103.7,58.86,34.57,4.67,6.33
3bb548e3cb7f70f28e3f11ee9dce0e59,maringa,PR,46,53,7690.02,896.79,145.09,3.98,10.6
3bdff180c7e1f6551a643b99c265a120,sao paulo,SP,59,61,3114.9,1046.96,51.06,4.02,10.28
3be5841cdcc46de4ed3f9116f104b2c5,barueri,SP,4,4,599.6,88.35,149.9,4.75,8.25
3be634553519fb6536a03e1358e9fdc7,sao paulo,SP,83,99,5370.95,1855.7,54.25,3.93,9.79
3bfad056cf05c00dabe2f895925d83b1,osasco,SP,1,5,206.65,46.7,41.33,1.0,
3bfba5a77604f6dfae7e6dd7aaf65821,londrina,PR,4,4,2095.5,122.69,523.88,5.0,9.25
3c010235b7345c92f125d14ee232a76b,mandirituba,PR,15,15,3578.0,427.32,238.53,4.67,10.93
3c03b12bab54d8b37d79d914bfdb1aa0,sao joao de meriti,RJ,37,43,4236.34,683.43,98.52,3.88,13.65
3c3017960b2dbd72711a61f0400aab8f,jaragua do sul,SC,10,10,968.8,254.09,96.88,4.0,12.78
3c487ae8f8d7542beff5788e2e0aea83,gama,DF,30,33,9385.7,719.65,284.42,3.91,13.3
3c4e0452bff7a2a788179488d3d77032,colombo,PR,32,36,3746.4,606.12,104.07,3.74,13.5
3c7c4a49ec3c6550809089c6a2ca9370,sao paulo,SP,141,160,4033.64,1824.66,25.21,3.71,9.65
3c88ed2e76a2247933a15daa7161eb1c,cosmopolis,SP,1,1,155.0,151.2,155.0,5.0,20.0
3ca08eeb8d5595949fed424bd3677742,curitiba,PR,14,14,1768.87,466.23,126.35,4.43,10.31
3cfa1358a6caa965278721344c8d76f2,sao bernardo do campo,SP,5,5,3140.28,81.25,628.06,4.8,6.2
3d01d1c414c44b5943a09619ff3853cb,campinas,SP,5,5,402.6,82.34,80.52,3.8,13.75
3d0cd21d41671c46f82cd11176bf7277,joinville,SC,9,11,447.8,174.58,40.71,4.73,12.73
3d2400ac620cffa23ac81bd192f7f555,sao bernardo do campo,SP,1,1,105.0,8.9,105.0,5.0,7.0
3d2531eccfbde1d7c8db7a3a12fb267a,contagem,MG,10,10,1999.54,213.06,199.95,4.22,9.9
3d290fe363c60a77498c1126fd3fb8d3,itapevi,SP,3,3,198.98,35.06,66.33,4.33,7.67
3d39fbf22a665714baf62fae36029e23,campinas,SP,8,8,2504.2,130.63,313.03,4.75,8.5
3d3ccf2b2f8134b10dce9dd446f0e075,ibitinga,SP,3,3,608.6,141.93,202.87,3.33,16.67
3d4824f20035949c710eaf111f869d39,sorocaba,SP,9,10,1041.04,173.54,104.1,3.9,9.0
3d49bfdd1b43a7fe169b3740067acc61,montes claros,MG,3,3,215.0,61.82,71.67,4.67,8.33
3d4b1ae7539303b5704493798893e82c,sao paulo,SP,6,9,1076.0,145.69,119.56,4.67,11.44
3d5d0dc7073a299e31fa718ce1bc00b6,rio de janeiro,RJ,23,24,790.7,387.43,32.95,4.17,8.32
3d621842b2ed28e2b474132480edac3c,sao paulo,SP,10,10,928.91,151.79,92.89,3.9,9.88
3d62f86afa7c73be2628a3be1423f5a0,jacarei,SP,2,2,12.0,42.42,6.0,4.0,17.0
3d68c634a99a1ba46dbca3967a69c623,nova trento,SC,2,2,594.0,263.7,297.0,5.0,9.0
3d700782d7818f2c1e0d7a9e9d75fc00,sertanopolis,SP,3,3,149.7,85.41,49.9,3.67,25.67
3d871de0142ce09b7081e2b9d1733cb1,campo limpo paulista,SP,1080,1147,94914.2,22433.51,82.75,4.11,13.35
3d8fa2f5b647373c8620330c4e077a9f,sao paulo,SP,43,48,3571.73,818.82,74.41,4.1,9.28
3da38366e7bd9baf6369071f782ecdf0,fortaleza,CE,1,1,59.47,26.96,59.47,1.0,53.0
3db66a856d18a9cba7c9241fc5221c50,ponte nova,MG,94,97,9478.3,2044.36,97.71,4.19,15.73
3dbbce181edfaa4a597ec858c382d2ec,curitiba,PR,17,20,848.3,440.27,42.42,4.35,14.0
3dc69bf2c42f0568a5c4791ec3fd3745,sao paulo,SP,2,2,300.0,34.43,150.0,4.0,26.0
3ded4e2d5f135cb103e5949d7263d2dd,pouso alegre,MG,1,1,49.9,12.48,49.9,5.0,5.0
3df020b72d3d44b3af9d110fa3940b65,jales,SP,55,101,5039.9,1709.57,49.9,3.95,12.69
3dfd3dc96f7f8598eca74e9ac8a2fa31,sao paulo,SP,6,6,183.0,75.7,30.5,4.0,12.33
3e35a8bb43569389d3cebef0ce820f69,sao paulo,SP,1,2,55.8,28.88,27.9,5.0,8.0
3e46a38ee171c503c3b4a3f23fe3bf0c,sorocaba,SP,1,1,59.9,9.11,59.9,5.0,4.0
3e51f9cbe317bc3a88f2c76583811ee4,sao paulo,SP,1,1,76.09,8.69,76.09,5.0,8.0
3e8bd881d92466e63ba9e3e809cd3c50,rio de janeiro,RJ,9,10,2242.28,207.97,224.23,4.22,15.0
3ea00e1dea2b0659dbaf654735929220,curitiba,PR,7,7,505.0,144.97,72.14,4.86,11.57
3ea08c48e851106d2f584349daba335f,barbacena,MG,1,1,170.0,22.94,170.0,4.0,6.0
3ef37b7ca6dd2b80bd8af81a62504996,sao paulo,SP,2,2,700.0,40.97,350.0,4.5,14.5
3f0e48d209018b466fcd3bb4ccfeb520,curitiba,PR,9,10,5399.0,255.8,539.9,3.9,9.9
3f2af2670e104d1bcb54022274daeac5,terra boa,PR,6,7,973.6,360.58,139.09,3.57,19.14
3f3486b61f45078d4f31ee5e43d8c5bb,sao paulo,SP,40,40,3829.73,896.84,95.74,4.33,13.77
3f8034bfc6b8b4135534975d49f04c63,curitiba,PR,12,16,1313.9,280.61,82.12,3.06,10.5
3f8247d0f772ffa58560e5c682521ad5,joinville,SC,1,1,139.9,18.55,139.9,3.0,
3f84fefc07dc159b268d4a77d3e8c425,fazenda rio grande,PR,3,3,200.6,51.32,66.87,5.0,8.0
3f995f07c49d0d55a99d5c54957f7d81,itapecerica da serra,SP,43,43,3955.7,671.5,91.99,4.21,9.53
3f9be91358837bff69df67edfa3e42e8,londrina,PR,7,7,569.7,132.36,81.39,4.43,9.86
3f9c56764fabca627406093dcb3ef0b4,rio de janeiro,RJ,7,7,909.3,105.65,129.9,4.71,8.43
3fac58ce0ad699020c7944d53c41329c,sao paulo,SP,10,16,1244.95,183.02,77.81,4.56,4.06
3fadb4cba4c35bce6a7eaf9872d5623a,caxias do sul,RS,3,5,209.5,68.02,41.9,3.2,9.2
3faf68a3b0af94b10bac70d86077be49,holambra,SP,7,7,1322.93,119.16,188.99,4.57,16.29
3fd1e727ba94cfe122d165e176ce7967,araraquara,SP,37,38,2805.2,589.22,73.82,3.82,15.56
3fe7120d6257285ac6a3ce7cb071ccec,governador valadares,MG,2,2,199.98,28.28,99.99,3.5,9.5
3febca52652e7209509ccfe61cbde40e,itaquaquecetuba,SP,2,2,84.0,16.9,42.0,2.0,
3fefda3299e6dfaea3466ef346a3571a,curitiba,PR,1,1,209.0,16.21,209.0,4.0,6.0
4003520d80d0bad1d5623f7aa3c63cda,rio de janeiro,RJ,1,1,70.0,16.74,70.0,1.0,17.0
400f221ab83037c0ea78f1267da9624d,osvaldo cruz,SP,1,1,865.0,20.8,865.0,,
402916f742e5c740cc751493d9cf5053,guanhaes,MG,9,10,1252.0,226.43,125.2,4.7,6.2
403aa86912527d730337ffcb0fb096ab,belo horizonte,MG,11,11,8959.89,204.62,814.54,4.0,10.82
4049512728d969bec69f84088b012416,belo horizonte,MG,7,9,389.84,160.43,43.32,5.0,11.11
404e1ba01358af4cd63f679b2c4d1fa1,juiz de fora,MG,8,12,373.9,177.83,31.16,5.0,7.5
40536e7ca18e1bce252828e5876466cc,caieiras,SP,2,4,463.96,499.04,115.99,1.0,
406740ee611378a662d274c7d8c43c4a,vitoria,ES,8,10,1790.0,182.08,179.0,4.1,15.9
406822777a0b9eb5c50e442dd4cd3ec5,tatui,SP,45,47,3648.08,948.26,77.62,4.33,13.48
4091f77d8c768fc3e81c20761471761d,sao paulo,SP,8,8,1079.0,230.87,134.88,2.75,18.13
40d54b51e962dbe09cabbcfd33298dee,santo andre,SP,30,31,6785.56,537.69,218.89,3.9,7.13
40db9e9aa57f7bb151bcda6b0f9bdbb7,recife,PE,12,12,23168.0,655.99,1930.67,2.36,14.67
40ec8ab6cdafbcc4f544da38c67da39a,francisco beltrao,PR,2,2,117.8,39.2,58.9,5.0,6.5
411f3b52d857390502ee4e4d5ceabc2d,ribeirao pires,SP,21,30,1804.01,378.71,60.13,4.26,8.37
4125d9385a25e82d2f72d3a0fd55bc3f,santos,SP,1,1,42.9,18.4,42.9,5.0,9.0
412a4720f3e9431b4afa1476a1acddbe,campinas,SP,21,22,2058.1,511.06,93.55,4.27,10.32
4170f6a9367e6b5d6401d03ce6d54569,brasilia df,DF,4,5,568.78,93.03,113.76,4.2,21.8
417a1e6c7321084d2a0ae0d023cfad93,imigrante,RS,1,1,48.9,12.48,48.9,5.0,6.0
41958cbd3335433c8740300e8cd600d5,sao paulo,SP,1,1,32.99,7.39,32.99,5.0,5.0
41ab63a91b8b264e8c8780368bf1dd5b,belo horizonte,MG,12,13,2571.95,302.27,197.84,4.23,17.85
41b14765bd56c8ad10971074380f9c0c,santo andre,SP,8,10,395.5,119.13,39.55,4.1,6.8
41b39e28db005d9731d9d485a83b4c38,santo andre,SP,195,231,17112.55,3930.36,74.08,4.14,12.47
41b86b552e54e3a7009596125aa8b167,sao paulo,SP,10,11,1595.3,234.61,145.03,4.36,15.64
41c2bad7229b0c25e6becf179ebf63ff,natal,RN,20,23,782.0,189.92,34.0,4.96,4.48
41c9d3997dd3c072c31139dc5bb5761f,araxa,MG,3,3,998.8,111.74,332.93,4.33,22.33
41da412d33e8da4f22baf55cb1bde82c,domingos martins,ES,15,21,862.9,374.16,41.09,4.71,9.1
41e0fa5761c886a630994a55c12087e7,guaruja,SP,5,5,423.6,68.31,84.72,5.0,10.2
4200ddf1967c5e41e48db62bc6d4b5ac,sao bernardo do campo,SP,22,42,734.8,487.93,17.5,4.24,8.93
4221a7df464f1fe2955934e30ff3a5a1,bahia,BA,5,5,849.5,239.54,169.9,4.8,16.4
422be4cc81a457fdb46f47edeb968ae5,ibitinga,SP,1,1,239.9,77.47,239.9,5.0,18.0
427165bf50f8ca07efc7bdc2bfcf1688,americana,SP,5,5,1603.5,89.4,320.7,3.2,38.4
42b6488f5b8246d9141712abd4b1b693,maringa,PR,2,2,247.99,41.81,124.0,4.0,8.0
42b729f859728f5079499127a9c2ef37,sao paulo,SP,104,132,4118.86,1315.21,31.2,4.35,7.79
42bde9fef835393bb8a8849cb6b7f245,brasilia,DF,35,40,7703.0,784.84,192.58,4.2,9.67
42d4b7e70819438f5ada61c965e92d7e,goiania,GO,1,3,49.6,51.18,16.53,1.0,22.0
42ef3192a9ff87a22d1867b74b3ee205,santo andre,SP,23,23,1354.09,301.88,58.87,4.65,9.22
42fa4ee7240e9b8eb4576358ec142ba7,caxias do sul,RS,22,22,3845.7,518.77,174.8,4.81,6.73
42fb44130ac3134cde8e35cf8ec7df25,pinhalzinho,SP,3,3,62.7,36.44,20.9,3.67,6.0
430315b7bb4b6e4b3c978f9dfa9b0558,sao paulo,SP,20,21,3118.4,586.23,148.5,4.0,14.2
4305fe92735c8a43d154ff6dd2b8d927,coronel fabriciano,MG,19,21,2885.9,428.35,137.42,3.9,11.11
431050a06a317f2b38168dec3dcd2b46,sao paulo,SP,12,12,1487.8,233.15,123.98,4.25,8.7
431af27f296bc6519d890aa5a05fdb11,ribeirao preto,SP,117,125,13109.5,2141.35,104.88,3.77,16.89
4324dd16853115efb0fd9d0d131ba6f4,sao jose do rio pardo,SP,12,18,1052.25,327.22,58.46,4.28,12.56
432c37c9dfba871172ec162e20118b8c,brasilia,DF,46,57,2968.87,969.67,52.09,4.18,15.67
432c67955c0acd1fd6b0b5d678766a71,sao paulo,SP,3,3,1151.0,137.41,383.67,2.33,7.0
43402bdf22aa2310e8f99e2f94f78628,ribeirao pires,SP,4,5,649.95,187.15,129.99,2.8,16.2
4342d4b2ba6b161468c63a7e7cfce593,rio de janeiro,RJ,20,20,2867.1,296.21,143.36,1.26,15.5
436bf27f2f18474fc6047702e9f8a866,campinas,SP,1,1,29.9,14.52,29.9,5.0,19.0
4371b634e0efc0e22b09b52907d9d469,sao paulo,SP,102,112,8194.0,1484.79,73.16,4.41,10.68
43753b27d77860f1654aa72e251a7878,barro alto,BA,1,1,23.9,42.38,23.9,5.0,27.0
4391ea5c5990502176a1dcda44a2373d,porto alegre,RS,3,5,2349.0,135.3,469.8,4.8,10.4
439a47cc365d6e3bd526812ea9de3c29,mogi das cruzes,SP,8,13,1186.5,224.43,91.27,4.0,8.54
43a1d4bab73b816e44ef4e4facd9f9b5,maringa,PR,1,1,189.9,15.5,189.9,4.0,10.0
43a5d4a57af536fddc96d08be3afdfcb,varginha,MG,1,1,75.0,24.83,75.0,1.0,12.0
43b2c864251aa0ce4030c746984e088a,brasilia,DF,2,2,94.8,34.52,47.4,3.0,5.5
43f8c9950d11ecd03a0304a49e010da6,carapicuiba,SP,41,41,4249.59,557.63,103.65,4.56,11.37
44073f8b7e41514de3b7815dd0237f4f,brasilia,DF,144,153,18729.64,3172.29,122.42,3.76,13.1
440dd6ab244315c632130ecfb63827b1,votuporanga,SP,94,95,13696.9,2096.31,144.18,3.85,16.57
443d880f15cbd3572885e1d44bf2c478,marilia,SP,1,2,94.8,30.2,47.4,2.0,12.0
4450bd8327d471c4a11a83d1445b1b62,cotia,SP,1,1,199.0,15.56,199.0,5.0,7.0
446cc09cdbb130904da114e807dbec40,sao paulo,SP,3,3,252.8,54.17,84.27,4.67,4.0
44717f64ec2a457979cf83c429077666,santa rosa,RS,2,3,107.0,63.91,35.67,5.0,5.67
447d377bdb757058acb569025ee18a93,carazinho,RS,1,1,64.99,18.02,64.99,5.0,18.0
44ed138eca6214d572ce1d813fb0049b,canoas,RS,2,3,129.79,56.01,43.26,4.67,8.0
44f091b5abab8018f682fce8124b85e5,sao paulo,SP,6,6,1680.1,107.61,280.02,2.5,15.0
45213867cefbf2cd4c6177e10216a951,araras,SP,14,14,4955.42,433.74,353.96,3.86,14.93
4559697a8f7e637227c2eeaed843baff,presidente prudente,SP,42,42,3696.0,778.27,88.0,4.05,12.87
455befea1bb853c75ccbca94cff26e5c,resende,RJ,1,1,19.99,22.06,19.99,3.0,12.0
455c5640e8c5bd1b2ee85c0158f85727,luiz alves,SC,8,8,6729.5,457.39,841.19,4.5,14.88
455f46ef09a9e45667e2981df84b5cc2,sorocaba,SP,2,2,59.8,31.18,29.9,2.5,13.0
457fe919b032a3f7dadba6fb92cf7855,paulinia,SP,9,12,1104.89,141.22,92.07,4.83,6.0
458c6fa920810ce2492da71bc26d9eec,catanduva,SP,2,2,756.76,105.61,378.38,2.5,25.5
458d868c9642f55f18f04e951a3fdde6,porto alegre,RS,2,2,2718.0,104.75,1359.0,5.0,17.5
45a3d05fb00435e52a28859dd03703b3,guarulhos,SP,1,1,1299.0,24.79,1299.0,5.0,26.0
45ba18c210d42734ec52c0c1c574e9ee,sao roque,SP,38,41,5589.13,972.96,136.32,3.83,7.11
45c20d94d9171b0bcfab3c955e47d67b,cordeiropolis,SP,4,4,129.46,81.11,32.37,4.5,14.25
45d33f715e24d15a6ccf5c17b3a23e3c,sorocaba,SP,59,61,4838.23,903.93,79.32,4.05,11.47
461ff5303b6c9c1a4a07f40c5aece516,pinhais,PR,3,3,102.7,58.73,34.23,3.67,6.33
466222e777149751370e7e98fb623b0c,rio de janeiro,RJ,1,1,87.9,17.55,87.9,5.0,7.0
4677a5437afda5fa7140b927b07be1cc,japira,PR,11,11,3415.7,420.0,310.52,4.36,12.36
46dc3b2cc0980fb8ec44634e21d2718e,rio de janeiro,RJ,521,542,128111.19,11798.5,236.37,4.18,11.73
46ef1a25845fc051c2998d878354810c,claudio,MG,5,5,250.41,98.04,50.08,4.4,16.8
4736e9d642ef4257cd7622516931eb51,piracicaba,SP,16,20,1078.87,370.9,53.94,4.15,4.75
47648caee88ccfe951fbb27fbf7b4cbe,diadema,SP,3,3,1564.99,68.0,521.66,3.67,13.67
478bfe564db21eeb44386606aa30b650,pedro leopoldo,MG,3,3,182.7,48.1,60.9,4.67,14.0
47efca563408aae19bb7206c2d969ea9,teresina,PI,12,12,2522.0,443.32,210.17,4.08,13.73
47f55702f598c7c6cc8458b0fbc1c49a,dores de campos,MG,2,2,127.5,35.9,63.75,5.0,17.0
48162d548f5b1b11b9d29d1e01f75a61,piracicaba,SP,68,91,20510.14,2082.03,225.39,3.76,11.2
4830e40640734fc1c52cd21127c341d4,sao paulo,SP,210,219,9843.47,3126.55,44.95,4.1,9.85
48328ec9a579151d9cc6a86d4a59336c,canoas,RS,1,1,1099.0,97.78,1099.0,2.0,21.0
483ca627d131e18f988349b1655c0acd,mogi mirim,SP,1,1,264.0,19.73,264.0,5.0,16.0
48436dade18ac8b2bce089ec2a041202,volta redonda,SP,138,151,12271.71,2911.93,81.27,4.05,14.07
485452467ff670447e84a8370c3fc898,taio,SC,3,3,175.7,139.74,58.57,4.67,14.0
4867209cb29b56b92893d7bde3ce8012,jau,SP,1,1,150.0,19.15,150.0,4.0,10.0
4869f7a5dfa277a7dca6462dcf3b52b2,guariba,SP,1132,1156,229472.63,20168.07,198.51,4.12,14.94
48985c61529077fa4f1e38bcff0f2ed3,porto alegre,RS,7,7,879.3,148.07,125.61,4.43,10.14
48b6c3f4c6a93171da04b75313f2130f,osvaldo cruz,SP,2,2,290.26,37.8,145.13,5.0,24.0
48bad451945f5227341793478d6353ea,sao paulo,SP,3,3,307.0,77.49,102.33,4.0,22.0
48e5ee06fb2dc74df1c711a9b6dfac2a,oliveira,MG,1,3,57.0,45.3,19.0,5.0,11.0
48e954b2da4f6a750c844173b347ed40,porto alegre,RS,2,6,397.8,159.01,66.3,4.17,8.17
48efc9d94a9834137efd9ea76b065a38,curitiba,PR,33,34,345.6,320.4,10.16,5.0,10.76
48fb026ed7455a42f5d3e9390ed5088e,barra mansa,RJ,11,11,555.71,223.43,50.52,2.64,11.78
49067458c68f7701fd334ce326accbe0,juiz de fora,MG,17,37,1047.65,573.85,28.31,3.32,12.05
4917cee8d902e13428c3ec4b1ca6f315,blumenau,SC,33,33,5421.9,1199.64,164.3,4.16,18.06
491a5ada3aa1678414e990262c4bbdc1,sao paulo,SP,2,2,2840.0,33.81,1420.0,3.0,7.0
49383af7ab774e4e8f3000f49c83dc4b,taubate,SP,8,12,660.0,242.23,55.0,4.58,7.92
4965a7002cca77301c82d3f91b82e1a9,sorocaba,SP,1,1,8.49,7.87,8.49,5.0,6.0
497709c2976a8fa308730a2dec5b0726,diadema,SP,1,2,76.0,18.04,38.0,5.0,6.0
4978a02ea9c8be7a9b5480680f40334e,sao paulo,SP,18,19,2356.61,340.23,124.03,3.58,5.16
499185655c29ecfdbfe776ef7cf875b5,porto alegre,RS,1,1,89.0,17.33,89.0,4.0,11.0
4992e76a42cb3aad7a7047e0d3d7e729,sao paulo,SP,57,74,2211.1,1007.47,29.88,3.84,8.19
499ec63c58e51296c9cf57edcfe1c8a8,sao paulo,SP,5,5,365.0,47.93,73.0,4.8,5.2
49cdc90518a4f82676b38b3c1aa43ff6,sao paulo,SP,5,5,1539.5,82.61,307.9,3.8,5.8
49e7217cfe4e427191c378ec626d8737,formiga,MG,13,14,3002.7,375.61,214.48,3.93,16.08
49f8d2ea7b718d0ce587d34207caf2b4,sao bernardo do campo,SP,1,1,149.9,15.36,149.9,5.0,7.0
4a1917ef994878940e1fb03eeb787ad7,brasilia,DF,2,3,768.0,78.62,256.0,2.67,9.67
4a1f694197d05fe70026b016a7316b41,pedreira,SP,14,23,907.77,370.98,39.47,4.39,10.96
4a23adac87cf538689fa600d976f78b2,sao paulo,SP,3,3,405.0,35.41,135.0,4.33,8.67
4a3ca9315b744ce9f8e9374361493884,ibitinga,SP,1806,1987,200472.92,35067.04,100.89,3.8,14.37
4a3ccda38b2129705f3fb522db62ca31,marilia,SP,66,78,17062.59,1432.34,218.75,3.72,13.32
4a5b36211b1f51bf7eaa5c10a57fa483,sao goncalo,RJ,1,1,139.19,16.07,139.19,5.0,4.0
4a82168aaef173cbb6e46ae88728f919,irati,PR,4,4,512.0,100.39,128.0,4.0,6.75
4a82c4af97ffc0fb2dc26bfdc03b1842,lagoa da prata,MG,3,3,143.7,67.2,47.9,5.0,12.67
4aba391bc3b88717ce08eb11e44937b2,arraial d'ajuda (porto seguro),BA,29,30,7595.87,839.34,253.2,3.9,16.64
4aba6a02a788d3ec81c03137144d9a80,canoinhas,SC,1,1,89.9,15.38,89.9,5.0,13.0
4b0fdb526525f9890eb145bf1534640e,ibitinga,SP,18,20,2419.0,535.21,120.95,3.95,8.7
4b1eaadf791bdbbad8c4a35b65236d52,ribeirao preto,SP,8,8,1849.79,113.03,231.22,2.0,22.6
4b39558c138930b9e5489c93b6df5fe3,aracaju,SE,4,5,1096.7,132.4,219.34,4.6,12.8
4b5f66b7adcf57f1ecc0d3c07dd6b177,vendas@creditparts.com.br,PR,23,38,6381.78,734.18,167.94,4.08,13.5
4b90495391ac0bd181a80a459df1e718,bage,RS,1,1,248.0,18.11,248.0,4.0,12.0
4b9750c8ad28220fe6702d4ecb7c898f,limeira,SP,218,222,15915.3,3389.8,71.69,4.35,9.34
4b98b0428fc1932cc2514ef9ce2505e6,taboao da serra,SP,2,2,327.63,35.8,163.82,2.0,22.5
4ba52dfeba874da5b9ee7b17c7494f04,mogi das cruzes,SP,11,11,1463.0,204.91,133.0,4.36,10.64
4bc3d93e4a5f88a598d3d8ce4ae510b3,sao paulo,SP,1,1,169.0,19.28,169.0,1.0,
4bcec44888b30ba9001234c534716d3f,santo andre,SP,5,5,146.0,63.23,29.2,4.6,9.0
4bde6149c15cf7e177b36fa060dd6de8,carazinho,RS,2,2,159.8,32.66,79.9,5.0,10.5
4be2e7f96b4fd749d52dff41f80e39dd,rio branco,AC,1,1,267.0,32.84,267.0,1.0,
4be6b962d83299498bae2190f95d6566,sao carlos,SP,11,12,508.8,182.29,42.4,4.18,7.42
4be9ae93c4fc0f41713d71a4194ee1b3,divinopolis,MG,1,1,109.9,27.07,109.9,5.0,11.0
4bf2f4ee540798a61f9636d12cd9cc80,assis,SP,29,30,4995.56,505.45,166.52,4.17,13.37
4bf658053d453036c70976bccb2c31b2,sao jose do rio preto,SP,2,2,1742.99,81.57,871.5,4.5,24.5
4bfc7a4a1cf8d4d2121c27422d9e50b5,sao paulo,SP,26,40,8124.4,1067.19,203.11,4.23,8.0
4c03b9dd4c11ee2cb35c96c49efc9420,campo limpo paulista,SP,48,48,6458.6,843.73,134.55,4.11,10.46
4c18691b6037662be2df78a765d98ab5,sao paulo,SP,63,67,3195.52,1120.99,47.69,3.84,9.03
4c1c7281388a33dd06daac44f9fadbd1,marilia,SP,5,5,188.32,81.59,37.66,4.8,8.8
4c2b230173bb36f9b240f2b8ac11786e,sao paulo,SP,261,346,14592.27,4397.57,42.17,3.76,12.68
4c498c7345e89aebad651544829beca0,carapicuiba,SP,48,48,4819.76,570.0,100.41,4.29,10.72
4c4d546adf3c3868fe19c9ec6e9ffda9,maringa,PR,2,3,111.7,45.39,37.23,3.67,6.33
4c60877808f4318ef1107fbeb8f89afa,atibaia,SP,2,2,118.0,32.63,59.0,4.0,15.5
4c61e37f664c3c88aff092aa5ac779d7,niteroi,RJ,7,8,788.31,119.86,98.54,4.0,16.63
4c8545742faaf58fafd5fd14d25d75cf,fernandopolis,SP,4,4,3020.0,196.31,755.0,4.5,10.0
4c8b8048e33af2bf94f2eb547746a916,ibitinga,SP,23,27,2020.73,438.08,74.84,3.11,19.0
4cc43a222a0f94910728b62b97a8c5f8,ribeirao preto,SP,1,1,108.5,12.26,108.5,3.0,14.0
4cc4fd4fdd406a85bbdc1f824b731bd7,toledo,PR,1,2,539.98,31.24,269.99,5.0,8.0
4ce6e5f6c52515177e18c1c9361d8677,sao bernardo do campo,SP,1,1,226.6,25.67,226.6,3.0,
4ce8b55b4bfa4659184e7becc1fba3f2,fazenda rio grande,PR,2,2,199.0,59.87,99.5,3.0,12.5
4cf490a58259286ada5ba8525ba9e84a,tabatinga,SP,8,8,1254.2,155.19,156.78,3.13,24.57
4d0041cdbe51b4617d95c70b19decc74,juiz de fora,MG,8,8,5235.2,230.29,654.4,4.5,6.88
4d232b78ab7ef10393dc3807d827bc0d,belo horizonte,MG,5,5,1475.0,214.99,295.0,4.4,6.0
4d600e08ecbe08258c79e536c5a42fee,entre rios do oeste,PR,8,8,4465.34,168.12,558.17,4.0,13.0
4d6d651bd7684af3fffabd5f08d12e5a,jau,SP,369,395,43587.4,7898.91,110.35,4.17,12.99
4d6fb82c629c7a5028bfd973c07b05e0,belo horizonte,MG,2,2,278.0,49.43,139.0,2.0,
4d8809767a5bafe22909c77951fb6b41,embu das artes,SP,1,1,50.0,8.72,50.0,5.0,
4d9fea3499bdc22aa4da4e339365f215,sao paulo,SP,2,2,192.54,30.2,96.27,5.0,13.0
4da0e408c99d2fdc2126dc9fce518060,cornelio procopio,PR,44,54,3026.0,938.73,56.04,4.44,9.19
4dab98ca6cd6d3df586203cefd28a042,porto alegre,RS,1,1,154.9,18.33,154.9,5.0,28.0
4dbd95a08b31ede5c82d3f861cb1ce1a,curitiba,PR,6,6,1304.67,189.36,217.45,3.5,12.0
4dc2e811a1760953cb7c6a590b498943,itapui,SP,1,1,175.0,24.84,175.0,5.0,7.0
4dc646b9b9e8e411ef48ba000ea3ac6f,valinhos,SP,4,5,289.7,63.56,57.94,2.4,10.4
4ddeb3e828550cddc8d45c8bc36ab2d1,sao paulo,SP,1,1,152.0,12.45,152.0,5.0,8.0
4de6e4ba574aa9dfdc824bc44dc47fdd,colombo,PR,14,14,451.1,253.32,32.22,4.07,9.14
4deebb3199eeafb282ae33229144f94b,sao paulo,SP,4,5,779.7,141.79,155.94,3.4,11.8
4e06067cc08b3f41d837768d392c3ee3,betim,MG,31,46,941.72,572.53,20.47,4.17,9.93
4e0d109ccfba9a1151c103049880c857,sao joao de meriti,RJ,2,2,279.89,67.84,139.95,3.0,19.0
4e17c65a516f69d023a2ae78b84f28d6,suzano,SP,61,74,7639.26,1155.54,103.23,4.08,14.76
4e2627090e6e5b9fabba883a37897683,belo horizonte,MG,2,5,199.5,68.12,39.9,1.0,4.0
4e326052e5dbba8adcd512f3450a307e,sao paulo,SP,3,6,570.0,85.96,95.0,1.67,20.0
4e42581f08e8cfc7c090f930bac4552a,portoferreira,SP,3,4,336.0,117.8,84.0,1.0,47.0
4e480be820e37de1444325ff358c9296,tres coracoes,MG,1,2,430.3,143.44,215.15,5.0,12.0
4e5725ba188db8252977a4f0227bd462,ribeirao preto,SP,22,25,1930.59,382.61,77.22,3.44,20.63
4e6015589b781adaa5ce7f1892d06bb1,guaruja,SP,3,3,684.0,56.5,228.0,3.67,6.0
4e7c18b98d84e05cbae3ff0ff03846c2,jaboticabal,SP,82,89,9177.9,2875.98,103.12,4.14,12.07
4e85b538b0dad58852641540686d0e14,sao jose dos campos,SP,4,4,361.98,74.36,90.5,3.75,17.0
4e8dacf3d38f281ae26c3e0321d92d88,sao paulo,SP,10,15,2644.95,216.16,176.33,2.47,13.78
4e922959ae960d389249c378d1c939f5,jacarei,SP,420,454,46030.37,7274.38,101.39,3.9,14.57
4e92348462c75b6c842b994ce84a0ed4,cachoeirinha,RS,1,1,69.9,15.59,69.9,5.0,10.0
4ea2f12dbe91deeacd2c1e74f069a6e6,sao paulo,SP,4,6,210.2,70.07,35.03,4.83,8.33
4eb61f060e7dcc1d5a80d806c35cc541,sao paulo,SP,8,8,1313.0,153.12,164.13,3.88,6.13
4ebdc7e6cd6102a022dadc49156d4ea8,sao paulo,SP,29,32,928.7,369.2,29.02,3.75,10.25
4eeb99008a0f59d2c7759c59f9a346eb,embu das artes,SP,2,2,1282.0,38.95,641.0,4.5,7.5
4ef4c39cf3c24f326434cf0b2e48046a,sao paulo,SP,8,9,891.0,126.17,99.0,3.56,13.88
4f0d637c1197fd65405ebd755ac9f86b,taboao da serra,SP,2,2,199.8,32.67,99.9,5.0,7.5
4f1f1c8666cdb6442f775c4e8caed465,belo horizonte,MG,2,2,944.98,125.41,472.49,5.0,20.5
4f40d2ed38d1cc945364a7cd202a82c7,sao paulo,SP,1,1,319.9,16.99,319.9,1.0,
4fae87d32467e18eb46e4a76a0a0b9ce,ronda alta,RS,1,1,100.9,19.9,100.9,5.0,7.0
4fb41dff7c50136976d1a5cf004a42e2,feira de santana,BA,3,3,1230.0,66.77,410.0,4.0,66.67
4fe2f67634d00c021aa01f96b6f2d68e,maringa,PR,2,2,86.8,32.04,43.4,5.0,11.0
5011f0d93373a4c5753adf58ca77af8d,santos,SP,12,22,1009.42,381.43,45.88,3.55,14.76
503c1de08ae81a2d86f17951b204db55,sao paulo,SP,22,22,4906.99,414.91,223.05,4.41,13.45
5058e8c1e82653974541e83690655b4a,itaquaquecetuba,SP,63,78,10022.82,3055.11,128.5,3.08,26.44
5075aaa8404020ae6aa8bf4792099b41,pocos de caldas,MG,13,23,1822.8,447.72,79.25,3.88,12.27
50770d25768b0486d89be26afca3108f,santo andre,SP,6,6,171.77,76.09,28.63,4.0,13.5
508808d438fe2ff972ed13bb8f4a82e2,sao paulo,SP,10,11,294.83,122.64,26.8,4.27,4.4
50a7e551a7b3f8d37cd6e32d8bfbe5ea,sao caetano do sul,SP,1,1,140.0,27.96,140.0,5.0,13.0
50bf89f1349bc0409a268c3a49678009,jaci,SP,1,1,179.9,102.57,179.9,5.0,9.0
50c361bcf670d16f6df4d52de3dff924,sao paulo,SP,1,1,35.0,16.6,35.0,1.0,
50c9975695009e5e6473912e83a6d1da,claudio,MG,50,68,3964.4,2919.55,58.3,3.99,15.15
51209b446b2073894bdc0face6c73ffc,vila velha,ES,2,4,359.6,79.28,89.9,4.0,10.0
512d298ac2a96d1931b6bd30aa21f61d,rio de janeiro,RJ,11,12,7401.94,321.93,616.83,4.25,9.92
513a54369b6a8a6602fcb0e129c6d78d,sao bernardo do campo,SP,2,2,47.8,14.86,23.9,4.5,3.0
5145090ab595c0d0b8557199f5701fbf,curitiba,PR,4,4,1459.6,197.85,364.9,4.25,15.5
5151aea44289d6c6b090ee31c2132508,marilia,SP,7,7,1315.3,167.17,187.9,1.83,17.43
515d781150feed28a6ac091bb0e3cb8c,campo grande,MS,6,6,1002.35,152.37,167.06,4.17,9.83
5160d23075764e18e07c1f4a87fad743,sao bernardo do campo,SP,34,39,2429.0,486.42,62.28,4.46,9.26
516e7738bd8f735ac19a010ee5450d8d,rio de janeiro,RJ,76,84,6643.09,1466.23,79.08,4.55,8.76
51702dc2a3e106c76dbff722b5bf0726,conchal,SP,13,14,2705.1,581.94,193.22,4.36,14.71
5194c22ed1f616ec0c0f33c571542879,santa rita do sapucai,MG,4,4,245.6,80.85,61.4,4.25,12.25
519a7aa428f18d125a283cf8c014fdd6,rio do oeste,SC,3,3,79.7,73.1,26.57,4.0,7.67
51a04a8a6bdcb23deccc82b0b80742cf,braganca paulista,SP,1,1,167.99,31.93,167.99,1.0,35.0
51e0557bc7b86de13e946c60ee91ce39,belo horizonte,MG,1,1,45.8,17.6,45.8,5.0,10.0
51e4e89242cbb846c2deff3dc015650e,rio grande,RS,16,16,822.58,353.17,51.41,4.63,9.13
51ed72984a04e5dd35c2b27e77179038,sao jose do rio preto,SP,7,7,1294.3,198.93,184.9,3.57,16.43
51f108f62cb87d61918159902c8f8583,cascavel,PR,3,3,303.73,75.03,101.24,4.33,5.67
5206cc4bc2297c833e6061c49bf9c43f,osasco,SP,1,1,35.0,10.96,35.0,1.0,
52092ddbd3a58c450a4459bf051b2287,dois corregos,SP,6,6,351.7,75.35,58.62,4.33,12.83
520b493b57809f446cb0a233bb3e25c7,santos,SP,63,73,3698.9,1063.97,50.67,4.38,7.33
522620dcb18a6b31cd7bdf73665113a9,cascavel,PR,174,180,57168.49,4661.32,317.6,3.9,15.25
5236605f4d4b0b3e4df85b850393fca0,sao paulo,SP,5,5,265.3,82.18,53.06,4.8,10.4
52454f90d4c30c016768db02f88c1a74,campinas,SP,3,5,80.5,67.17,16.1,3.6,12.8
52562a9f449c3dc3d53f5f5b9ed74903,parnamirim,RN,14,14,3266.6,444.04,233.33,4.79,13.43
525e75a6fb1454a2325ab1734bcec221,barueri,SP,10,11,657.07,120.0,59.73,3.73,6.2
5275ca25d0358ca73864e0ae41be1320,guarulhos,SP,4,4,409.6,69.22,102.4,4.75,7.0
527801b552d0077ffd170872eb49683b,garca,SP,90,92,17942.8,2062.56,195.03,4.48,12.93
52831e5990d0771cb4951d6f12928167,tupa,SP,1,1,65.0,13.12,65.0,3.0,5.0
528bcf6680c36dddf07620bd35b33a6f,sao paulo,SP,2,2,969.98,43.86,484.99,4.5,21.0
528ce32f560edd11add4169f6a5b65be,sao roque,SP,2,2,59.8,15.3,29.9,5.0,10.0
52956b80ae65fda598f06f6b9943e7a9,maringa,PR,3,3,792.0,66.85,264.0,4.0,25.67
52a50b42accf164f9f019941e5759d9b,monte alegre do sul,SP,4,4,139.96,57.06,34.99,4.75,5.25
52a52b9f656520e99716f5bc40f661c8,sao carlos,SP,7,8,783.1,148.12,97.89,4.13,10.38
52ac6f920b7280e4c6d30dd94de6259b,pinhais,PR,6,7,5657.3,726.59,808.19,3.29,11.86
52b53f7061969fe471d119b6195da864,itajai,SP,1,1,90.0,8.37,90.0,5.0,3.0
52bb00821bcdd358a5a5a27e1f6be5a1,osasco,SP,2,2,349.8,38.63,174.9,4.5,16.0
52d76513f0c4d97f3b99570e2c94ee31,novo hamburgo,RS,19,28,8153.1,889.26,291.18,3.88,11.96
52f0fe436a347ddad7ed5f9aa4e27eaa,sao paulo,SP,21,23,1484.37,476.53,64.54,3.3,13.95
52f6f9f13ba19504c02781132a049e75,curitiba,PR,1,1,199.0,23.13,199.0,2.0,16.0
52f976b17ea7f2f087f56dcc419328f6,california,PR,6,6,7630.0,862.65,1271.67,3.67,10.33
52f9db5cfb423382a2fa5c9e39303202,echapora,SP,22,23,1269.77,358.77,55.21,4.17,9.86
5305693ffae2d3463377b1f6fe67b15a,penapolis,SP,1,1,93.56,12.99,93.56,5.0,13.0
53088c75f948b48a7ece173ac17f0c12,triunfo,RS,3,3,261.7,54.53,87.23,5.0,11.0
530ec6109d11eaaf87999465c6afee01,cascavel,PR,97,104,12983.81,2656.4,124.84,4.22,10.67
53243585a1d6dc2643021fd1853d8905,lauro de freitas,BA,358,410,222776.05,13080.63,543.36,4.08,13.29
53336f97ddbe53e2a617d07b17447b95,sao paulo,SP,1,1,599.5,75.33,599.5,5.0,19.0
533d46c1b06970e99f09523a61df4972,itapetininga,SP,2,2,159.98,32.64,79.99,4.5,17.0
5343d0649eca2a983820bfe93fc4d17e,santo andre,SP,71,111,10000.64,2392.59,90.1,3.61,11.3
534a01cc6df1e034e05c32028a291fa2,jundiai,SP,5,5,235.59,59.86,47.12,4.4,10.4
535bf14f36346c7f59d87cece104d70c,rio de janeiro,RJ,1,1,50.0,7.77,50.0,4.0,4.0
537eb890efff034a88679788b647c564,rio de janeiro,RJ,160,173,4679.7,2499.2,27.05,4.16,9.05
538caafddff204241cecbf3a02e6b3cf,sao paulo,SP,9,9,148.3,98.19,16.48,2.56,17.38
539ed9e19811677513447759be5eccfc,belo horizonte,MG,2,2,32.83,31.09,16.42,3.0,5.0
53b0300ca793f9834cd69c0678d35ee8,indaiatuba,SP,5,10,1662.15,137.31,166.22,5.0,6.0
53d00c40e32aeb924a84ce72b1af869d,ibitinga,SP,17,17,2165.85,296.22,127.4,4.35,16.0
53e4c6e0f4312d4d2107a8c9cddf45cd,pedreira,SP,473,522,30148.95,9887.24,57.76,4.04,11.97
54065e9aef7e9e9c2dc23b7594db021a,rio de janeiro,RJ,14,14,8003.0,280.43,571.64,3.86,12.42
5415337f1863452476d42d9f14a16a61,belo horizonte,MG,1,1,44.9,23.45,44.9,3.0,16.0
54219883e72aad869adfb2a54b7bfa0f,sorocaba,SP,5,5,6750.0,829.55,1350.0,3.2,17.0
542917da124346b47ea1ac79a93ce454,curitiba,PR,20,20,1303.9,363.18,65.2,4.15,11.5
5444b12c82f21c923f2639ebc722c1ea,sao pauo,SP,1,1,169.9,9.56,169.9,4.0,
544863df86ed3b78a04e0820d41430ee,serra,ES,1,1,23.9,15.27,23.9,5.0,5.0
54583ab379489add547fe47b628db589,sao bernardo do campo,SP,10,10,2240.0,151.08,224.0,4.8,5.0
54965bbe3e4f07ae045b90b0b8541f52,foz do iguacu,PR,78,86,10961.3,2203.54,127.46,2.94,26.65
54a1852d1b8f10312c55e906355666ee,santa barbara d'oeste,SP,200,204,17226.44,3387.96,84.44,4.34,11.42
54aa8463e87776b5612f4bdc4bd5d4de,belo horizonte,MG,7,7,649.3,123.53,92.76,3.86,13.71
54c04bdb5ec46762f8f08c7e8f86ed4a,florianopolis,SC,18,19,3281.66,476.12,172.72,4.32,15.42
55029529919c0123526150bd26ca8f20,contagem,MG,7,7,453.95,134.88,64.85,4.71,8.57
553a440137d6e0cf776aee0bb83ac9f5,limeira,SP,2,2,144.8,30.34,72.4,1.0,23.0
5563732abe64c3036cb97ad924128dd1,guarulhos,SP,2,3,404.0,37.6,134.67,4.67,10.67
5566627eab3fe93fd6ee08798226101a,sao jose dos pinhais,PR,5,5,85.5,102.31,17.1,4.4,8.6
556a6409838156ea299c9d1f9e2dde43,curitiba,PR,4,4,1362.8,86.84,340.7,3.25,7.5
557f22c76691849db52d2abccf0015d0,morrinhos,GO,13,14,865.86,326.7,61.85,3.15,14.38
5587130f9850696ed7fafbc91c2cee44,sao paulo,SP,2,2,69.8,33.69,34.9,5.0,6.5
559d56f3b8f0bc2e5a9a62fe2ce2a39f,joinville,SC,2,2,385.0,48.72,192.5,2.5,12.5
55a5b51f93f2b70ea513f5a047b0262a,sao joao del rei,MG,39,41,4002.3,847.08,97.62,4.49,13.66
55bb6fe5bebe5012e2d7d9928e1128ff,bauru,SP,15,16,1816.55,576.47,113.53,3.56,16.56
55c26bcb609f480eb7868594245febb5,tabatinga,SP,6,6,664.4,161.83,110.73,4.0,9.5
55c96925041a14097b6a7825554f4ad5,sao paulo,SP,6,10,294.8,188.57,29.48,3.2,11.33
55d3daac7c404d59e51c2aa2f4dc5a23,sao paulo,SP,21,28,4480.6,1309.88,160.02,3.93,8.82
55dedd83e501d8248880557d9073cbfd,rio de janeiro,RJ,8,9,1055.3,110.79,117.26,4.89,4.56
55f7a3319d80f7fdf078b8f03e6725fe,osasco,SP,22,22,3013.78,406.67,136.99,3.77,6.68
562f8cfc51f265411f487d07e9c40e7f,belo horizonte,MG,13,13,766.92,199.33,58.99,4.54,13.92
562fc2f2c2863ab7e79a9e4388a58a14,campinas,SP,260,270,8814.2,4305.14,32.65,4.24,11.15
5656537e588803a555b8eb41f07a944b,brasilia,DF,174,188,8065.93,3377.03,42.9,3.8,11.3
5659d77e8d90378e39b960ad5956f64e,taubate,SP,2,2,182.48,30.65,91.24,2.5,20.5
56642bcb79900e777d68e91915cb4267,sao paulo,SP,48,56,3657.64,814.15,65.32,3.77,14.25
5670f4db5b62c43d542e1b2d56b0cf7c,sao paulo,SP,22,22,6630.09,582.56,301.37,4.41,8.59
56a8b450e802502ba53a9885ee38e29f,sao bernardo do campo,SP,1,1,62.45,15.2,62.45,1.0,
56db5c0782e8f7ddc9343f9576ff6d16,palhoca,SC,2,2,734.8,57.15,367.4,3.0,10.0
56e361f411e38dcef17cdc2a3d99628b,guarulhos,SP,5,10,1298.0,1857.76,129.8,4.5,12.1
56f413900b5166ab4d730e9ac0b12cb0,sorocaba,SP,3,3,151.79,42.45,50.6,4.67,10.0
570d4583587a5fe2d47c7be89b91ad27,sao paulo,SP,2,2,125.25,23.67,62.63,5.0,6.0
5721089ba9214e80074f27d5a03fc0eb,sao paulo,SP,5,7,245.93,66.64,35.13,5.0,7.29
5733d806668f8712c24b9abaefbfa642,chapeco,SP,2,2,243.8,85.88,121.9,5.0,14.5
5741dc2bf5044c34d0698681c5081bed,sao jose dos campos,SP,3,3,89.7,34.05,29.9,5.0,7.33
575df70bde3f9f2b30bf8d2e9910d725,sao jose do rio preto,SP,27,34,5410.05,753.37,159.12,4.12,13.29
577719699805dd125d5b6fdde5943bba,nova petropolis,RS,8,8,1077.8,209.56,134.73,4.38,10.38
578460d8319c51dab351cd9db95eadfe,goiania,GO,1,1,235.0,35.45,235.0,3.0,
578fa3a9cb6b6dceab39231ad59cdaca,fortaleza,CE,3,3,150.0,37.2,50.0,3.67,22.67
5795aebfe331fbcd02a2c4b679fb7952,palhoca,SC,6,6,1280.0,156.09,213.33,3.83,12.17
579891617139df7d8671d373f0669622,rio de janeiro,RJ,8,8,280.3,128.2,35.04,4.5,18.38
57a834594e1e9e9219603bfec184eadc,santa rosa,RS,1,1,139.0,27.05,139.0,5.0,6.0
57c764b4a836300be881e2ff86e449f9,ribeirao preto,SP,29,30,1211.0,470.11,40.37,4.17,15.45
57d2ba47f7a3209aa347532ae75c1165,sao bento do sul,SC,2,2,318.0,140.24,159.0,4.0,15.5
57df9869a600bd6b7c405f2a862eccfb,santa rita do sapucai,MG,5,5,125.0,72.21,25.0,4.4,7.2
57e632711dec9ec14ca7546769483e7e,navegantes,SC,62,65,6350.06,1207.98,97.69,4.45,10.65
57fe6232e67823593374a2281d7a8af8,capivari,SP,8,8,178.68,105.36,22.34,4.75,9.63
582d4f8675b945722eda7c0cb61ba4c7,bertioga,SP,59,71,4702.96,980.97,66.24,4.11,10.56
585175ec331ea177fa47199e39a6170a,montes claros,MG,1,1,3549.0,53.47,3549.0,5.0,8.0
586a871d4f1221763fddb6ceefdeb95e,porto alegre,RS,1,2,198.0,41.48,99.0,1.0,69.0
5882820ef11c4c068eea0677a7a879b4,caxias do sul,RS,14,14,9925.5,739.31,708.96,4.15,14.93
5882f40daf39bc2a465e0cb453ddc222,sao paulo,SP,1,1,640.0,58.9,640.0,2.0,
58b98ccb79873e04eac4357cacc590d9,campinas,SP,1,1,23.0,8.91,23.0,1.0,
58c851d1a3c7cd3da329eb59453fed44,rio claro,SP,2,2,268.99,24.27,134.5,5.0,4.5
58e4b302b54937e55a678c4d15111da4,colombo,PR,3,3,279.79,49.06,93.26,2.33,7.0
58f1a6197ed863543e0136bdedb3fce2,conselheiro lafaiete,MG,44,45,6833.0,1070.69,151.84,4.16,10.42
59417c56835dd8e2e72f91f809cd4092,limeira,SP,18,18,36459.0,1198.77,2025.5,4.28,12.72
594f9aaa48e5bf431f011ddc5669b0d5,contagem,MG,37,38,3248.8,887.61,85.49,4.58,7.74
5962468f885ea01a1b6a97a218797b0a,curitiba,PR,8,9,791.0,137.04,87.89,3.75,10.83
596849622429351f47b32e6cae1055ff,mogi das cruses,SP,14,14,1104.7,160.49,78.91,4.0,5.38
5996cddab893a4652a15592fb58ab8db,presidente prudente,SP,1,1,810.0,70.75,810.0,5.0,5.0
59b22a78efb79a4797979612b885db36,uberlandia,MG,125,133,27184.5,4897.57,204.39,3.97,12.44
59bbc819b99a733f02f0d6b49d1c253d,campinas,SP,2,2,139.8,22.95,69.9,5.0,5.5
59cd88080b93f3c18508673122d26169,praia grande,SP,10,12,392.33,175.38,32.69,4.75,13.42
59cea8e446d3834393058e7e0666b6fb,maringa,PR,10,10,696.6,204.54,69.66,4.6,7.2
59de1d4c8c057c2a53acd4ca66531af2,curitiba,PR,1,1,135.0,21.75,135.0,5.0,19.0
59fb871bf6f4522a87ba567b42dafecf,sao paulo,SP,126,128,21708.57,2046.19,169.6,4.21,12.08
5a05a16bb50629ee31afab8a6d4c2674,caxias do sul,RS,14,15,794.3,281.18,52.95,4.0,6.93
5a32c398a06c345440bf2a683b017ad3,rio de janeiro,RJ,2,2,79.8,23.17,39.9,3.0,12.0
5a413ade68e8f8d93071a7f52a64cb9e,sao paulo,SP,14,14,778.9,153.77,55.64,4.64,4.07
5a4236931428800e9d9cc04af0987118,sao paulo,SP,1,3,44.97,45.69,14.99,5.0,4.0
5a425cc503b39b262a847fd6212bf53b,londrina,PR,15,15,1360.59,269.51,90.71,4.21,6.64
5a6a02f419701fc8c605af71d4fc57a4,americana,SP,10,11,600.5,113.91,54.59,4.82,5.27
5a8e7d5003a1f221f9e1d6e411de7c23,campinas,SP,139,181,11171.9,2694.29,61.72,4.17,10.43
5a93f3ab0ef4c84ed5e1b5dbf23978bc,monteiro lobato,SP,39,44,2338.25,697.14,53.14,4.73,14.98
5a9b3bcab695173c820e53934574ae80,salto,SP,1,1,139.0,64.77,139.0,5.0,7.0
5a9c0859cb00fd8aa4db443837f0a700,treze tilias,SC,2,2,208.0,47.59,104.0,4.5,9.0
5aaa890629f83706d8d9bfecd8377c1c,petropolis,RJ,1,1,48.9,17.92,48.9,1.0,
5ab05b6d86d417796c69ffd6774ec832,assis,SP,10,12,1886.1,256.75,157.18,3.67,12.67
5abb8ea023c77787f2c15da891c8d384,joinville,SC,13,13,2241.0,746.2,172.38,3.92,19.62
5acd070dd3fe441bbb2ec1f1ede515ee,jundiai,SP,7,8,764.17,122.2,95.52,2.75,23.13
5b07547f10dd980738a1a27f685af669,guarulhos,SP,13,14,1134.6,185.47,81.04,4.5,6.07
5b0cc932433fa5184b5b94bfe6bcc256,ibitinga,SP,12,17,1437.8,556.29,84.58,3.47,11.88
5b179e9e8cc7ab6fd113a46ca584da81,sao paulo,SP,34,36,5173.5,665.64,143.71,3.51,12.69
5b2e94f2c22b39ccc24d34ad0f669672,sao paulo,SP,10,10,949.78,390.36,94.98,4.9,9.9
5b33b527da3c5b969cc99dc435cad09a,paranavai,PR,16,17,1872.79,365.55,110.16,4.12,12.71
5b35136197710e16ac5e7b7c2bd4ea85,rio de janeiro,RJ,7,9,3104.2,246.09,344.91,2.56,19.89
5b51032eddd242adc84c38acab88f23d,borda da mata,MG,12,14,3280.0,268.95,234.29,3.79,11.79
5b581417df4480f632484ba681e53944,florianopolis,SC,12,13,1790.6,585.7,137.74,3.31,20.25
5b664594895aefb418afaee6d40a9a23,petropolis,RJ,16,22,1008.8,226.38,45.85,3.64,10.41
5b67882648febfb6e1225e6ad7164f6b,umuarama,PR,27,30,6813.48,618.94,227.12,4.03,12.13
5b8154610ebb21fb90eb587365e673df,sao jose dos campos,SP,38,41,9397.54,1077.44,229.21,4.2,13.13
5b85809efd0d0e4dea1a9544e1280ed9,presidente prudente,SP,12,14,1804.6,292.76,128.9,4.36,7.36
5b925e1d006e9476d738aa200751b73b,sao paulo,SP,63,63,7748.5,1053.34,122.99,4.6,10.81
5b92bfa4120daa27c574daa2e386c693,sorocaba,SP,1,1,14.0,10.96,14.0,3.0,16.0
5b97c06a046398e7005b2b7c0d707a92,joao pinheiro,MG,4,4,1519.96,249.63,379.99,3.25,26.0
5bba18b40e8c973b0f32e748004775b0,itajobi,SP,1,1,739.98,44.82,739.98,5.0,7.0
5bc237df65098fe211bb4818f4d26d78,uberlandia,MG,2,2,126.8,57.09,63.4,4.5,12.5
5bc24d989e71e93c33e50a7782431b0e,campo do meio,MG,17,17,3148.0,588.53,185.18,4.35,9.12
5bc55dbe2f12b6af6d83ed46023e0dc8,coronel fabriciano,MG,17,21,2992.1,417.28,142.48,2.33,12.86
5bf397d04035b5f45cc41e82ec106803,sao paulo,SP,3,4,1525.0,47.28,381.25,4.25,3.5
5bffbafbb22daf6d3bfc216a46db8708,nilopolis,RJ,21,23,5239.7,454.5,227.81,4.7,8.74
5c030029b5916fed0986310385ec9009,sao jose,SC,7,10,4164.4,915.5,416.44,4.9,5.4
5c243662ce92d84573bfaff24c3e3700,sao paulo,SP,98,100,32862.02,1775.64,328.62,4.13,10.85
5c3460cd3e8a984382ae254e7dd20d9f,sao jose do rio preto,SP,9,10,775.76,198.54,77.58,4.7,9.5
5c603ffb38cbbf25a0e0698941324143,varginha,MG,2,2,348.8,44.81,174.4,1.0,
5c6d4016c2a288f074fa0848a2b653d2,sao paulo,SP,32,35,3159.0,514.17,90.26,4.11,10.94
5c853bb56f70f4d14218944bae111d7a,cotia,SP,23,24,263.13,251.06,10.96,4.04,8.63
5ca5d579b5857ee8709479b1047cecc3,sao paulo,SP,2,2,339.89,23.99,169.95,1.0,18.0
5cbbd5a299cab112b7bf23862255e43e,pinhais,PR,36,38,2726.06,659.15,71.74,4.32,10.63
5cf13accae3222c70a9cac40818ae839,patos de minas,MG,149,156,14383.2,3019.27,92.2,4.44,10.56
5cf1ec37aea089f45110c70653a166ab,sao paulo,SP,3,3,50.0,43.1,16.67,3.67,21.5
5d0363b33554b373851fc1622e4d5f3c,atibaia,SP,94,95,6610.79,2192.18,69.59,4.05,12.61
5d043cd5512d4bd2f88e5ccdd5736c38,sao paulo,SP,1,1,650.0,64.91,650.0,2.0,10.0
5d378b73ab7dd6f0418d743e5dcb0bd1,sao paulo,SP,7,7,13243.0,393.28,1891.86,3.86,30.33
5d3bb11474a06bdc23fb9e89f1164ee0,assis,SP,31,32,3654.6,524.22,114.21,3.94,9.66
5d505d2298ad549e4e4e835562fa0c1e,birigui,SP,2,2,249.8,28.34,124.9,5.0,6.0
5d76d80a2f5f39c891b996a1bf4c9853,sao paulo,SP,6,6,1238.5,171.25,206.42,4.83,10.0
5d9dc90a686a8fddacffab6bab5653a3,santana de parnaiba,SP,12,12,3761.94,369.33,313.5,4.17,8.58
5d9f3746e112e696f98ea22c56b3e912,sao paulo,SP,1,1,1322.64,47.77,1322.64,5.0,7.0
5db42a6cd9bf1bf0d3aab9582767f168,vitoria,ES,1,1,200.0,19.33,200.0,5.0,17.0
5dc203c7b84a0e71e878a179de05fb9a,pompeia,SP,5,5,421.9,128.15,84.38,4.0,8.6
5dc4bdaf869e8c77c648078cbe8d59c2,florianopolis,SC,1,1,292.99,34.5,292.99,1.0,
5dceca129747e92ff8ef7a997dc4f8ca,santa barbara d´oeste,SP,325,346,112155.53,13661.39,324.15,3.99,11.33
5de1c80811ce7007f62f00d971236c09,florianopolis,SC,2,2,76.8,30.95,38.4,5.0,8.0
5debea795b07621e1f90532e18f96145,apucarana,PR,25,33,1883.78,504.35,57.08,4.27,10.09
5def4c3732941a971cba8fdee992ede1,sao paulo,SP,5,6,134.8,66.24,22.47,4.5,4.17
5e063e85d44b0f5c3e6ec3131103a57e,sao paulo,SP,1,1,22.9,7.42,22.9,5.0,1.0
5e105f5c9f63f5f1fd75d6cb942e55b1,sao jose do rio preto,SP,8,8,1471.9,273.83,183.99,4.5,9.13
5e106d93b717c2682b9383da480364a1,santa terezinha de itaipu,PR,1,1,445.9,21.71,445.9,5.0,7.0
5e25c632f9db6cfb8bc100421c2737b6,chapeco,SC,1,1,259.0,19.91,259.0,5.0,6.0
5e49e3a44bdeb5aab2684258bbd4f525,balenario camboriu,SC,3,3,507.0,52.77,169.0,4.67,16.67
5e9f5bd34e0830569f05c9d4f56e04a8,porto alegre,RS,2,2,239.98,34.88,119.99,4.5,10.0
5ee7fd217d08dfe5d3e2f51f96a12c9a,vargem grande do sul,SP,9,9,1165.5,269.68,129.5,3.44,16.89
5eeb9c756d9780b96283e5a2ac6da334,ribeirao preto,SP,9,9,2471.0,247.74,274.56,4.22,16.33
5ef131ac72773e5b3f6c0d63cf424657,ribeirao preto,SP,10,11,575.79,246.2,52.34,3.82,6.18
5f0057b677eb963672bf05dfa3f16c34,sao paulo,SP,5,5,312.88,67.01,62.58,4.2,7.25
5f06030071324cc52bf0304014ac7234,marilia,SP,4,4,783.96,100.35,195.99,4.0,10.25
5f1dc28029d2c244352a68107ec2b542,sao paulo,SP,62,78,2807.3,996.16,35.99,4.43,9.29
5f2684dab12e59f83bef73ae57724e45,sao paulo,SP,68,74,9000.87,1122.19,121.63,3.77,10.19
5f26c1408a65b42a7224cd463bdf3292,arapongas,PR,10,10,1139.8,217.29,113.98,4.8,6.4
5f3ae9136c875522250f8184f253413a,sao paulo,SP,43,46,1158.0,615.76,25.17,4.58,7.67
5f57db27027655e6c6a391601daa0258,viana,ES,1,1,98.0,53.04,98.0,5.0,14.0
5f5a58930c3c35f3b5af264f34fb8c85,ribeirao preto,SP,3,3,560.0,68.59,186.67,5.0,7.67
5f5b43b2bffa8656e4bc6efeb13cc649,sao paulo,SP,27,29,3677.2,555.45,126.8,4.45,14.07
5f67c6082caacb26e431a7b17940cece,maringa,PR,13,14,1662.6,208.43,118.76,3.57,22.07
5f7300535881cef3b625fd683cf7d145,canoas,RS,10,11,665.98,170.85,60.54,4.45,10.0
5fd924b4836098a5be0ecf81ba054ce0,sao paulo,SP,7,8,1148.8,135.54,143.6,4.0,7.88
602044f2c16190c2c6e45eb35c2e21cb,ibitinga,SP,50,57,3739.16,938.28,65.6,2.96,15.8
6025c79c035c3d772133b8b8238463b2,pinhais/pr,PR,2,4,989.74,108.59,247.44,5.0,8.25
6039e27294dc75811c0d8a39069f52c0,osasco,SP,64,75,13670.7,2376.47,182.28,3.83,17.88
60562ab00b8054280520d390c8c0045c,sao paulo,SP,17,17,2943.0,304.09,173.12,4.76,10.0
6061155addc1e54b4cfb51c1c2a32ad8,campinas,SP,28,33,15633.4,879.91,473.74,4.7,5.52
606ce7768feac12c5e8bd58db8b08f0f,campinas,SP,5,5,2916.6,102.26,583.32,4.8,9.8
609e1a9a6c2539919b8205cf7c4e6ff0,brusque,SC,87,130,6595.23,2687.19,50.73,3.6,10.24
60ad151920c4f6f3ebbe8cfdf6166779,carapicuiba,SP,2,2,130.0,20.67,65.0,1.0,
60da8bfa7eebe230b7d66ac4082d79b3,fernando prestes,SP,3,3,86.6,38.67,28.87,4.33,7.67
610f72e407cdd7caaa2f8167b0163fd8,sao paulo,SP,16,17,13585.16,844.29,799.13,3.71,12.53
612170e34b97004b3ba37eae81836b4c,novo hamburgo,RS,107,110,23065.02,2307.06,209.68,4.43,10.77
612a743d294c27884fb7b80d2b19ba35,curitiba,PR,2,3,3057.7,104.45,1019.23,4.33,8.33
615005a3ef192c00c6f0e977cee3d2bc,itu,SP,10,11,286.5,155.64,26.05,3.91,13.18
615c3462099ffa940d37b17dfda19594,rio de janeiro,RJ,2,2,229.0,32.05,114.5,5.0,8.0
6179a28a13a726c29b3bf54c070dccab,varginha,MG,2,2,600.0,86.24,300.0,3.0,25.0
6187a137b2af59dfdbad8d9f8c373c14,osasco,SP,2,2,74.8,30.22,37.4,3.0,14.0
61b18775be84fb700a6b2d0ba097bf66,araraquara,SP,4,5,334.5,101.51,66.9,4.6,11.8
61b893c57e33626afb104d4112b1be76,divisa nova,MG,1,1,74.99,13.1,74.99,1.0,
61c36f0fc4a47f9532e5512b66668e62,guarulhos,SP,1,1,750.0,17.69,750.0,1.0,12.0
61f159ef6da2d441951d2c0efa719362,serra,ES,3,3,154.97,61.01,51.66,1.0,
620c87c171fb2a6dd6e8bb4dec959fc6,petropolis,RJ,740,798,114774.5,14135.21,143.83,4.21,12.84
6219ba2359cfb97f2e38fd4c321eb309,sao paulo,SP,6,6,487.5,103.05,81.25,3.4,23.4
6235903333ba7de1928c869e268e5964,treze tilias,SC,1,1,94.06,41.42,94.06,5.0,5.0
623ad9d0c1e14bb5464a8c72bff7b4af,claudio,MG,1,1,95.0,38.96,95.0,4.0,24.0
624f4ece8da4aafb77699233d480f8ef,sao paulo,SP,53,55,9205.0,1722.37,167.36,4.19,13.43
626ab1cd96932367f0eeec2e47046c12,sao paulo,SP,3,3,1310.0,80.47,436.67,4.67,7.0
62760d278921b5f352461620d68a9cee,salto,SP,3,3,397.0,53.1,132.33,3.67,19.67
6288c69c4ce638e59925e59193f98b16,santo andre,SP,22,22,4506.28,306.2,204.83,3.95,9.6
62c50c1af4dfdc4149d25c5222043d39,sao paulo,SP,14,19,2785.72,310.31,146.62,3.26,13.65
62d977e2b2aee830de3e039a28490d12,curitiba,PR,2,2,399.8,32.32,199.9,1.0,
62de60d81c55c29d76a6bce418b31cef,ibitinga,SP,1,1,103.0,23.87,103.0,4.0,17.0
630008e0f062605a415d694489f6f82e,sao paulo,SP,2,3,105.15,30.35,35.05,3.0,17.0
63191ead8d3b2f937cd1996fdcbbad20,jundiai,SP,1,1,367.0,53.29,367.0,5.0,12.0
63272377184e969942f7fff221be858d,sao paulo,SP,2,2,149.7,66.53,74.85,5.0,12.5
6338ea67c41078a46ad99cc009654956,farroupilha,RS,37,44,2286.09,924.3,51.96,4.61,13.11
633ecdf879b94b5337cca303328e4a25,sao paulo,SP,6,6,1037.6,87.89,172.93,1.8,25.33
634964b17796e64304cadf1ad3050fb7,rio de janeiro,RJ,268,326,39465.1,5955.43,121.06,3.86,14.34
63704069d9bd3a75c1cf59babe56004a,jundiai,SP,1,1,59.3,7.39,59.3,1.0,18.0
638cba8be1fb599bbb76fd6948351eb3,sao jose dos campos,SP,17,26,598.2,315.67,23.01,4.62,8.41
63a79f5a7eb5cb48a7e5787b141c7993,patos de minas,MG,11,11,815.1,200.83,74.1,4.55,6.36
63b464dbf392c7b80d12d932fa7cafed,sao paulo,SP,37,39,6781.0,881.25,173.87,3.69,13.13
63b9ae557efed31d1f7687917d248a8d,sao jose do rio pardo,SP,5,7,139.5,102.81,19.93,4.43,16.57
63bc58679c44e8a998792119fd7ad23e,sao paulo,SP,1,1,19.9,14.11,19.9,1.0,
63ffcb71394dd8ea3872ed9ffda17c74,itaborai,RJ,17,17,399.0,264.72,23.47,3.18,13.18
640e21a7d01df7614a3b4923e990d40c,ibitinga,SP,116,137,7598.88,2446.24,55.47,4.26,10.36
6426d21aca402a131fc0a5d0960a3c90,ribeirao preto,SP,23,23,1209.64,384.18,52.59,4.17,11.0
643214e62b870443ccbe55ab29a4dccf,sao paulo,SP,66,68,3270.13,929.65,48.09,4.43,9.47
643c01d7c56a724bec0454f4780e8a3e,joinville,SC,2,2,205.55,41.1,102.78,4.5,9.5
6481e96574816ead57975da2c0f6d80d,sorocaba,SP,32,43,3324.9,1015.96,77.32,4.14,7.33
64b87978a11c1ea7501a89eabe8c2c1a,presidente bernardes,SP,7,7,489.93,101.9,69.99,2.0,
64c9a1db4e73e19aaafd3286dc448c96,curitiba,PR,1,1,439.0,43.6,439.0,5.0,10.0
64cc804291f90c81f02bfc2bb58ff55a,curitiba,PR,2,2,517.6,46.54,258.8,5.0,14.5
651530bf5c607240ccdd89a30c9c9712,ipira,BA,1,1,199.9,24.55,199.9,4.0,12.0
651fe66032c9520ee5587f694908040d,alvorada,RS,7,7,464.0,128.73,66.29,4.0,6.57
6524b847b982cd56bb5d4b02b776ee42,campinas,SP,1,2,779.8,55.14,389.9,4.0,42.0
6548c2550b6e2d8f18053216e1c7b6f3,diadema,SP,3,5,217.7,69.85,43.54,5.0,6.2
655220df33262c7e0c4949a147366f94,diadema,SP,13,15,2245.0,681.53,149.67,4.2,12.07
6560211a19b47992c3666cc44a7e94c0,sao paulo,SP,1854,2033,123304.83,27960.94,60.65,3.91,9.47
6561d6bf844e464b4019442692b40e02,franco da rocha,SP,1,1,41.9,7.55,41.9,5.0,1.0
6562efe88ce0826a4ca4f189f03b4b84,maringa,PR,9,21,1135.9,300.31,54.09,4.05,15.45
656591be56071d4c9ef4e5fee78a578a,santo andre,SP,7,11,1702.0,319.2,154.73,4.64,14.36
6576fd3e23c88f0e5d4d23f39bba0542,taboao da serra,SP,1,1,14.5,10.96,14.5,1.0,
657969cca82e884d272385ec0ef06edd,estancia velha,RS,3,3,139.7,51.86,46.57,4.67,8.0
659e8466eb3ff1b0e8740d74fb7bbedd,eunapolis,BA,11,14,1486.8,393.2,106.2,4.5,9.64
65a7c0788e4d632ccb5e1b594b87f0bb,sao paulo,SP,3,9,266.7,117.42,29.63,4.11,11.33
65b081a070633e057c462abdd6fb9dd8,morrinhos,GO,19,20,1885.09,441.58,94.25,4.35,11.7
65c255b299faf2d12050937cc219c46c,sao paulo,SP,2,2,88.2,21.88,44.1,4.5,7.0
65febd49fd28ec955651299159b1f527,sao paulo,SP,35,40,4319.7,981.44,107.99,4.23,7.11
6601ee6383e7f452be71929f8de48bbb,ribeirao pretp,SP,2,2,153.6,28.34,76.8,4.0,15.0
6614814a00d344b846ae209f95ee7e3f,macatuba,SP,1,1,13.0,12.69,13.0,1.0,5.0
661ad5fcc28cdfb8bcadb12bb2272475,balneario camboriu,SC,4,7,209.93,119.78,29.99,5.0,13.0
6624bc09786f0e41ae48dfc5eeb1a9e2,belo horizonte,MG,1,1,89.54,17.47,89.54,5.0,16.0
6650fcccd8cd2f7e55ffa524f30c4c59,sao paulo,SP,3,3,529.7,166.0,176.57,2.67,8.0
666658b8da8370f30e1f89893b1de5e6,sao paulo,SP,1,2,298.0,23.34,149.0,5.0,
668bf321538e5072858eaef6087ce027,pinhais,PR,1,1,19.9,8.11,19.9,5.0,4.0
66922902710d126a0e7d26b0e3805106,belo horizonte,MG,151,156,14362.3,3218.77,92.07,4.45,11.32
669ae81880e08f269a64487cfb287169,rio do sul,SC,162,186,13248.87,3372.59,71.23,4.14,11.97
66d5ae34537110d3affc56174dad2b2f,sao jose do rio preto,SP,1,3,33.81,38.37,11.27,1.0,
66dc1b1632bd6a3e508510c5b3492107,jau,SP,37,42,3721.39,727.87,88.6,3.43,10.29
66e0557ecc2b4dbea057e93f215f68d8,sao paulo,SP,31,31,12480.0,497.99,402.58,3.94,31.63
66fd84ee7528c0c0de85d0f44a73d5ab,campina das missoes,RS,11,21,1438.11,453.19,68.48,2.9,14.43
670a9dda115b5a88b18cfadee8de2332,ribeirao preto,SP,11,11,918.9,183.09,83.54,4.45,12.18
670c26e0f1bf8d0576271d5cfaec6d2b,maringa,PR,78,87,6341.6,1694.03,72.89,4.31,13.65
671585f5a2af58b6e276bc01003c0d2b,curitiba,PR,27,27,1244.0,448.11,46.07,4.7,5.52
67225bff54a172ff67579aaf583efd78,marechal candido rondon,PA,8,8,1238.0,155.11,154.75,4.5,13.25
674207551483fec113276b67b0d871ff,sorocaba,SP,1,1,119.9,13.94,119.9,5.0,2.0
6750d71153f00fc58829af2a8ef1bcf1,rio bonito,RJ,6,6,3514.0,112.5,585.67,4.17,9.5
67883baaae6134ee81b271a542613728,sao paulo,SP,19,19,8167.9,328.12,429.89,4.11,5.84
679769a98cfcc6da877c8486ff1c13f3,ipatinga,MG,21,21,7029.0,438.39,334.71,4.57,9.52
67bf6941ba2f1fa1d02c375766bc3e53,curitiba,PR,16,22,5610.0,1419.68,255.0,4.0,11.8
67e43d802fde8cfd3f9580124f8167d1,guarulhos,SP,2,3,36.0,42.36,12.0,1.0,
6806dad1da97bfb5a9038eac6881f706,guaratuba,PR,10,14,1477.0,306.26,105.5,3.96,13.5
681fce914360217db47784ae28905a96,araucaria,PR,23,24,4127.33,444.47,171.97,3.87,12.63
6824a69c9ea0313eba299dd4a2dba09a,formiga,MG,6,7,666.9,117.18,95.27,4.71,4.43
685b870da5b52a710782c9c0fefbeb5b,sao bernardo do campo,SP,2,2,627.0,43.98,313.5,2.0,39.5
6860153b69cc696d5dcfe1cdaaafcf62,capivari,SP,74,84,3827.63,1490.6,45.57,4.16,10.11
6861de0f40cacb0602e473c51639f980,curitiba,PR,5,8,674.0,275.73,84.25,2.63,13.5
686886775c8f6b1191c7b953fb52708c,pedreira,SP,1,1,189.0,13.62,189.0,5.0,3.0
6879c4d287a8dd06b11f54ea8f78e4da,osasco,SP,6,6,527.67,149.46,87.95,4.33,6.83
688756f717c462a206ad854c5027a64a,guarulhos,SP,83,101,5966.54,1934.91,59.07,3.78,10.7
68ca56ce86830f3d31b1b7ec6a54da3e,guaratuba,PR,6,6,719.59,143.37,119.93,3.83,4.8
68f86ba270525243e68ae74044f992b9,rio de janeiro,RJ,11,12,876.5,194.81,73.04,4.25,10.55
6902157ee16728322d61a1321fa79e58,sao paulo,SP,2,2,159.8,31.63,79.9,3.0,10.5
693660429f9dc4ff704eb3d88dad54d7,santo andre,SP,2,2,124.0,24.12,62.0,4.0,3.5
695051e2981c8b19e77cafe450d5bdf3,osasco,SP,1,1,169.76,12.69,169.76,5.0,20.0
6973a06f484aacf400ece213dbf3d946,sao jose dos campos,SP,95,115,11011.05,1363.57,95.75,3.53,14.93
698624c6632eeba1774924dbea24c700,sao paulo,SP,1,1,19.9,15.23,19.9,5.0,7.0
6989574bd97d9773f10d232b6c07da59,curitiba,PR,7,7,2478.4,321.1,354.06,4.86,10.86
698f5fa55a5f73d0740e9d9a773e8093,rio de janeiro,RJ,4,6,120.0,83.99,20.0,4.83,6.0
69a43819c758c65a5befb0b471c954d7,apucarana,PR,2,3,299.85,100.91,99.95,4.0,14.67
69b5eaa096c3f9d1e5c398c597f567d6,birigui,SP,2,2,938.0,49.02,469.0,5.0,6.5
6a0cbc8af2e8abd1bdfb777943d174c6,batatais,SP,35,35,3894.05,745.37,111.26,4.06,15.38
6a3139c7bf09ece22a4713d956acbe5e,sao sebastiao da grama/sp,SP,1,1,61.9,14.74,61.9,5.0,4.0
6a38087bc8ad4f89ff453561005f6dea,anapolis,GO,15,22,1833.43,547.92,83.34,4.41,11.82
6a51fc556dab5f766ced6fbc860bc613,marilia,SP,26,33,7577.67,792.58,229.63,3.94,15.03
6a53b90c3ad9e0b56d9fe5c69165fff5,curitiba,PR,2,4,139.78,55.0,34.95,3.5,11.5
6a8a889bde935bafa76d7848782dfaf9,sao paulo,SP,26,30,860.82,367.8,28.69,3.93,7.43
6a8b085f816a1f75f92dbac6eb545f8f,bebedouro,SP,127,135,6018.97,2177.99,44.58,4.13,14.25
6aa3928696eab49a19a466e665a649fd,nova iguacu,RJ,18,22,2075.0,335.68,94.32,4.55,8.14
6b15924333bd1a741595fe981ea04822,sao caetano do sul,SP,21,21,614.32,240.14,29.25,4.67,7.81
6b1c4d4d9ccf0be3d8544eb0e71e5318,porto alegre,RS,1,1,1699.0,60.04,1699.0,5.0,12.0
6b243f80ed07b10f0e8aa0f21a205f3c,curitiba,PR,79,89,6260.1,1547.3,70.34,4.02,10.94
6b2612338467c08c9b25f0cc55b1578d,marialva,PR,1,1,92.9,20.97,92.9,4.0,17.0
6b333a05bf188ef3e1f1662a86bd9855,brasilia,DF,12,13,3990.91,563.97,306.99,4.38,10.23
6b3bd31ad8fcda4b2635ec9f3ff2ecdf,rio de janeiro,RJ,36,43,4198.9,757.02,97.65,3.86,12.79
6b536a23086fba0d58c08d68814397f6,niteroi,RJ,19,23,2068.8,369.17,89.95,3.91,14.05
6b803197e03abd5056b4313306b4f29d,sao paulo,SP,7,12,407.0,123.62,33.92,4.83,4.83
6b89abe95848c850399130d149a39b63,piracanjuba,GO,8,8,1135.2,330.53,141.9,4.38,11.38
6b90f847357d8981edd79a1eb1bf0acb,guarulhos,SP,45,47,3322.08,737.65,70.68,4.36,5.4
6b9b80d53ba3676eafe60268a810b5a1,belo horizonte,SP,10,10,882.7,172.96,88.27,3.9,12.11
6ba4733aa33f6386e9fb0c0fd3993b38,torres,RS,3,3,149.79,60.09,49.93,4.67,12.33
6bb0724edf0b62fb91ac404873a97241,cotia,SP,17,18,3653.0,763.52,202.94,4.5,13.89
6bb62a4912377c7bfe7cb17b406bc7e6,jundiai,SP,4,6,739.52,105.87,123.25,4.5,4.83
6bb66d9870c2e01c05655c7ed0e7ee13,sao paulo,SP,3,3,269.0,52.02,89.67,3.67,8.0
6bbcb8924baf70b7fe2fe2097e8cd407,blumenau,SC,10,11,2382.5,264.33,216.59,4.55,11.45
6bcb2352a2a0c38b845f598298ab9d26,maringa,PR,2,2,31.8,27.58,15.9,3.0,11.0
6bd503a8230299c9316fb0f726933927,morrinhos,GO,4,5,324.29,129.6,64.86,4.6,10.2
6bd69102ab48df500790a8cecfc285c2,sao paulo,SP,5,5,8070.0,289.02,1614.0,3.0,16.4
6bef34c5be6f2bbd70aa5165f6df94b1,timbo,SC,2,2,1198.0,132.88,599.0,2.0,16.5
6c12e40690c335dbc2f68a4134d30dc1,castro,PR,16,18,9139.2,485.06,507.73,4.06,14.06
6c177e38df6d3f34182b1f1d427231bf,curitiba,PR,55,56,8341.89,1034.64,148.96,4.04,14.28
6c17baf138731a4aaacc3210adf2037b,franca,SP,4,5,538.8,89.92,107.76,5.0,7.6
6c1b6d0c604b776f844125f911eb7377,sao paulo,SP,5,5,443.06,81.44,88.61,3.4,17.5
6c6cc59a5c00cacc5054ca06d65cc282,santa maria,RS,1,1,1107.0,148.71,1107.0,5.0,9.0
6c6e3d67f969468f3bfd33f827a31222,maringa,PR,5,6,224.0,92.41,37.33,4.83,9.17
6c77cd583b36a13aacccf2b3ee23e233,marilia,SP,1,1,18.9,12.79,18.9,5.0,6.0
6c7d50c24b3ccd2fd83b44d8bb34e073,presidente prudente,SP,114,128,8699.34,2770.85,67.96,4.39,12.06
6c9875b2f94ba781186f0c1aed8d1687,brotas,SP,2,4,25.0,38.05,6.25,5.0,3.5
6c99c983ce3b6ba0ab813e6790e81691,uberlandia,MG,9,9,546.75,205.76,60.75,3.78,6.0
6cd68b3ed6d59aaa9fece558ad360c0a,belo horizonte,MG,149,157,11188.57,2529.89,71.26,4.45,10.41
6cf476a4ca74498db55cbccdaa9dcfb6,sao paulo,SP,6,7,939.93,185.57,134.28,2.71,34.5
6d04126aba80df143fd038e711b8fd96,rio de janeiro,RJ,1,1,89.99,18.87,89.99,1.0,37.0
6d1b9c9579132c87d2703ec38c30f2c5,curitiba,PR,4,4,299.69,67.7,74.92,4.5,9.5
6d22a1fcebb6dd08c9cd90b92a93e8d0,joinville,SC,12,13,723.7,222.73,55.67,4.31,15.77
6d2f2e3b539480db1e0842b3a4e32e6e,guarulhos,SP,3,6,305.96,168.3,50.99,4.33,5.67
6d66611d7c44cc30ce351abc49a68421,sao paulo,SP,166,176,13593.4,3260.97,77.24,3.91,12.05
6d7f8d9d594e28796b6b3205b00f459c,curitiba,PR,3,3,417.9,59.11,139.3,3.67,15.33
6d803cb79cc31c41c4c789a75933b3c7,sao joaquim da barra,SP,58,66,8711.4,1213.67,131.99,4.28,12.74
6d988d6174a2c27441597174f8905515,maringa,PR,19,23,371.73,365.47,16.16,4.26,19.26
6da1992f915d77be95d7fa48b36904af,sao paulo,SP,7,9,261.0,122.66,29.0,3.67,8.67
6dc9bec584588412a6a338830946a3e4,sao paulo,SP,2,2,560.0,107.83,280.0,1.5,22.0
6dd7dce75cd55c1ce255dc38d9f0cd46,palhoca,SC,1,1,75.0,21.33,75.0,4.0,12.0
6ddc28b61be28373b4503a1f61cf98a9,sao paulo,SP,11,11,1732.9,167.19,157.54,4.18,6.82
6df688df543f90e9b38f4319e75a9d88,belo horizonte,MG,40,56,1949.96,783.6,34.82,4.52,8.22
6e0908ef4d4efadbc3cc2b74ea477cb0,rio de janeiro,RJ,8,11,589.45,160.83,53.59,4.09,11.36
6e13dd869aa7185f601c941423abcc8f,sao paulo,SP,5,6,522.0,76.08,87.0,4.83,4.33
6e1862e15f33d9994bc25922a85e1efc,rio claro,SP,8,14,732.49,147.47,52.32,4.67,3.5
6e2d3e2dc84fb30f6078f39dd3bddd6f,colombo,PR,1,1,219.0,16.28,219.0,1.0,
6e386f64c84e482f0b9abf960797ee1b,sao paulo,SP,30,30,12938.3,625.36,431.28,4.61,10.48
6e4a902d1054e4e17aa6eab87fac1c75,sorocaba,SP,7,8,586.57,109.13,73.32,4.25,6.5
6e4f5ff6b086632ba8dcb558fb10249e,flores da cunha,RS,5,5,838.9,214.35,167.78,3.4,10.4
6e85dc5ecd97a61094b89b046a509d8e,marapoama,SP,1,1,169.9,12.69,169.9,1.0,
6e864f5c4669eff3d98140a07cc50202,sao paulo,SP,13,13,740.59,191.77,56.97,4.46,9.85
6eb94e1466490d327a09abf8f3552a50,jundiai,SP,10,10,1511.95,237.82,151.2,4.44,8.22
6ebf4eceee4dd9847201c82e77ef8123,rio de janeiro,RJ,1,1,59.9,22.13,59.9,5.0,15.0
6ec1a01e866584bb679eb9b098345919,santos,SP,31,32,4248.91,814.85,132.78,4.13,14.48
6edacfd9f9074789dad6d62ba7950b9c,guarulhos,SP,208,219,13147.1,2940.5,60.03,4.37,9.03
6ee85be3693ed79a8e80718743d80655,sao paulo,SP,9,13,484.5,170.82,37.27,1.92,29.2
6eeed17989b0ae47c9f11ece6f38ea90,sao paulo,SP,3,3,557.0,119.01,185.67,3.67,6.33
6f1a1263039c76e68f40a8e536b1da6a,sao paulop,SP,4,7,256.39,100.45,36.63,2.14,25.2
6f229cc508fc6915ed5c499efd93baa4,rio de janeiro,RJ,13,14,2654.8,333.88,189.63,4.43,9.43
6f835fd4be26989b1b064399da346143,curitiba,PR,2,2,197.8,31.45,98.9,5.0,7.0
6f83d9e4da896daae20b9b6b2d3ff8d2,pinhalao,PR,11,11,765.19,219.85,69.56,4.36,14.82
6f892e20a171e98efe17fdb971ff319b,sao paulo,SP,44,53,6438.7,904.16,121.48,3.73,16.72
6fa9202c10491e472dffd59a3e82b2a3,sorocaba,SP,3,3,7014.24,925.01,2338.08,4.33,8.67
6fc26fe110feebd80a433e1f012a84f9,fernandopolis,SP,35,72,4150.87,977.19,57.65,4.01,11.32
6fd52c528dcb38be2eea044946b811f8,sao paulo,SP,67,84,7743.02,1138.56,92.18,3.5,21.12
7008613ea464bad5cb9b83456e1e6a8f,canoinhas,SC,127,156,7777.0,3083.05,49.85,4.28,14.08
700f03c207639c22d933381ff60b35c2,barretos,SP,4,4,1189.86,136.45,297.47,4.0,29.75
70125af26c2d6d4ef401a1d02ae7701f,goiania,GO,5,8,371.2,258.42,46.4,4.63,10.25
70126eecc6aa1274392a1743866e9678,barueri,SP,3,3,97.4,47.34,32.47,5.0,5.67
701938c450705b8ae65fc923b70f35c7,s jose do rio preto,SP,75,112,11983.28,3808.84,106.99,3.77,12.58
702835e4b785b67a084280efca355756,juiz de fora,MG,1,1,7.6,10.96,7.6,5.0,2.0
7040e82f899a04d1b434b795a43b4617,sao paulo,SP,212,228,9738.2,3217.78,42.71,3.53,10.14
70849ca4f400aaabb62cb7462a6f1428,belo horizonte,MG,12,12,909.58,233.66,75.8,4.42,10.83
709e16e2b25c7474d980076c6bfc4806,birigui,SP,60,80,5151.9,1226.96,64.4,4.53,10.35
70a12e78e608ac31179aea7f8422044b,jacarei,SP,315,328,30858.53,5606.91,94.08,3.77,14.65
70b52a4cfc823994561b00bad161b4ed,sao paulo,SP,8,10,585.0,100.35,58.5,4.5,12.2
70bf57d811208f8923b41bbd499a67a4,franco da rocha,SP,7,7,780.8,88.93,111.54,4.14,4.71
70c0fda4c313d87115644d39e62eec60,caruaru,PE,1,1,25.99,37.09,25.99,5.0,10.0
70c27847eca8195c983ed7e798c56743,rio de janeiro,RJ,77,98,12077.52,1451.66,123.24,4.2,10.76
70c4eedec9cb4a85cda2f3f9673557b4,sao paulo,SP,2,2,479.8,32.75,239.9,5.0,7.0
70ee69419916dc13e3aed619061f996c,mogi das cruzes,SP,1,1,45.0,8.72,45.0,3.0,14.0
70eea00b476a314817cefde4aad4f89a,itatiba,SP,108,114,31994.65,2769.52,280.65,4.35,13.25
70f7e8018e3d46c748c92f026aa2585a,sao paulo,SP,1,2,239.8,37.88,119.9,5.0,7.0
70f84699be677ec988d1fa824aef7d90,sete lagoas,MG,5,5,1588.3,116.14,317.66,4.6,17.6
71039d19d4303bf9054d69e9a9236699,sao paulo,SP,35,38,3537.2,621.45,93.08,3.68,13.34
710e3548e02bc1d2831dfc4f1b5b14d4,rolandia,PR,136,142,23979.11,3875.96,168.87,3.4,14.25
71271995e85f5b8530be99ed54a91b89,porto alegre,RS,8,8,776.0,120.83,97.0,2.5,12.0
712e6ed8aa4aa1fa65dab41fed5737e4,videira,SC,79,87,39815.0,6889.13,457.64,3.45,23.68
712efd3b68f9686dc856b84abd0f21ae,curitiba,PR,1,1,139.0,17.16,139.0,4.0,7.0
7139dc5186aa238b006e066d8fbab2e4,amparo,SP,22,24,1712.0,535.93,71.33,4.09,14.13
713e3a23ca5e47786eb6f0d99f94cfac,curitiba,PR,4,4,1126.0,87.03,281.5,4.75,10.0
7142540dd4c91e2237acb7e911c4eba2,penapolis,SP,319,331,37373.56,6915.6,112.91,4.05,14.69
714b9a1332840f257b49f476bea4e341,monte alto,SP,6,6,1499.94,158.15,249.99,3.33,32.33
71592660bbcb6a4664e97b6f8b68babc,sao jose do rio preto,SP,6,7,2027.18,173.37,289.6,4.43,11.57
71593c7413973a1e160057b80d4958f6,sao paulo / sao paulo,SP,2,5,299.5,45.85,59.9,3.4,8.6
715bbd5ba4e6b74cb0d2f29eb45058b0,serra negra,SP,62,64,4043.3,1272.58,63.18,4.47,11.86
7178e1eaa97257d8b6d4b80efd77a025,tatui,SP,1,1,167.9,16.81,167.9,5.0,7.0
7178f9f4dd81dcef02f62acdf8151e01,videira,SC,203,216,37070.4,4408.52,171.62,4.03,15.52
717b78b0950b51ed00b1471d858b0edc,alambari,SP,5,5,138.6,81.15,27.72,4.0,21.2
718539d38d07dd351c76db862760e2e2,campinas,SP,37,45,1318.9,659.05,29.31,4.33,7.84
71dc18fd8cbf5fd77f45dd8b427abb34,curitiba,PR,4,9,1080.0,149.4,120.0,5.0,11.56
7202e2ba20579a9bd1acb29e61fe71f6,franca,SP,53,55,12750.5,1165.66,231.83,3.83,13.17
720e6cf846ea7572cbb66b743fb91e6c,mogi das cruzes / sp,SP,1,1,54.0,14.55,54.0,5.0,16.0
7210cd29727d674c00741e5e387b3ccd,sao paulo,SP,9,13,729.09,145.09,56.08,3.69,4.85
72146da5774cabf2632faedcae097a76,marechal candido rondon,PR,4,6,200.94,110.49,33.49,4.33,27.33
7238a95bb63ef7e498389fb863b834a1,limeira,SP,15,15,2265.7,569.41,151.05,4.73,7.8
7238f877570096ae403c51898fa64566,santana de parnaiba,SP,3,3,1200.0,49.52,400.0,5.0,9.0
723a46b89fd5c3ed78ccdf039e33ac63,"novo hamburgo, rio grande do sul, brasil",RS,1,1,66.64,23.4,66.64,4.0,8.0
723cd880edaacdb998898b67c8f9da30,ibitinga,SP,11,12,2136.53,413.1,178.04,4.17,9.58
72431a818f97fe6ab9c81eee3e297e54,rio das pedras,SP,1,1,229.9,19.49,229.9,5.0,12.0
725af026f869236a8dd0ceb98564d156,claudio,MG,7,8,1177.71,184.96,147.21,3.13,13.6
725c32fa80c2faacc4fc88450d27314e,sao paulo,SP,89,93,7838.88,1327.78,84.29,4.54,9.41
7299e27ed73d2ad986de7f7c77d919fa,araguari,MG,338,361,34725.43,6855.65,96.19,4.42,11.29
729b2d09b2a0bdab221076327f13d050,mineiros do tiete,SP,49,61,1822.11,946.55,29.87,4.52,12.22
729f06993dac8e860d4f02d7088ca48a,limeira,SP,96,115,20485.08,4994.57,178.13,4.29,10.76
72bc2cce903c872fe376a8faaa81d237,sao paulo,SP,17,18,2149.2,255.77,119.4,4.44,8.94
72c38a04bd6a1c3dbc5298425a0db86d,cascavel,PR,4,5,647.3,113.35,129.46,3.8,8.0
72c5da29406b4234927b81855e7b64f6,guarulhos,SP,31,31,11798.69,853.78,380.6,4.13,10.74
72c73be2b085b9d57650dd53eb2004c9,sao paulo,SP,1,1,29.4,17.92,29.4,5.0,17.0
730937bf88cb151eb2eb849f642fc213,rio claro,SP,22,26,2821.2,455.97,108.51,4.42,6.96
7315baebc0572ff220d226283dc66728,sao carlos,SP,2,2,49.85,26.37,24.93,4.0,8.0
731ef20c231d9a7103a425e83fd91271,lages - sc,SC,2,3,1692.0,505.6,564.0,3.67,12.0
734def04b237117a09321dd6d8f3f2a2,araras,SP,2,2,1252.43,28.8,626.22,5.0,2.0
7354220fb240bde543b3c40c060d41e7,brasilia,DF,7,7,672.0,165.13,96.0,4.57,10.86
7357b52d27cbaa90f81a96cbc1279396,lagoa santa,MG,12,12,1328.02,217.81,110.67,4.33,9.83
739c7d7be81f63812dea0d1b1451c651,campina grande,PB,2,2,77.5,71.8,38.75,4.0,17.0
73a63f72308aa20a46f4b1632018f196,curitiba,PR,29,41,9606.8,1178.99,234.31,4.05,11.43
73b8eb4a9a729d4019b24ed1be748cbf,campinas,SP,8,8,692.41,105.57,86.55,4.38,4.29
73da1880b39c71de2b262bc7720c1494,sao carlos,SP,2,2,398.0,46.99,199.0,5.0,8.0
740205fedfe4e90ca6857bc77db0f2b4,caxias do sul,SP,1,1,229.9,21.93,229.9,5.0,3.0
7402d13c03a7e91366337cd1de471144,cambe,PR,4,4,528.38,131.19,132.1,3.5,10.0
741f8c587cb4248ebc5b779a0e8e0e51,santo andre,SP,5,5,89.95,67.69,17.99,4.0,13.2
744dac408745240a2c2528fb1b6028f3,colombo,PR,79,84,22490.6,1894.42,267.75,4.55,11.16
74636e24f01da9268b0ed88dacd8513e,sao paulo,SP,4,4,776.0,272.61,194.0,4.0,13.0
747c1cdcd1737dcfbd1547f6eb6f2cf3,ibitinga,SP,2,2,193.1,29.27,96.55,2.5,15.0
747e73c01a4593d4cf60dcf970fd2689,vitoria de santo antao,PE,3,3,2217.99,123.77,739.33,4.33,10.33
74871d19219c7d518d0090283e03c137,sao paulo,SP,6,7,550.04,87.87,78.58,5.0,3.57
7494d0dcba8551df6cf37f1b905dc2f7,santos,SP,1,1,45.9,17.07,45.9,3.0,6.0
749e7cdabbaf72f16677859e27874ba5,guarulhos,SP,1,1,41.9,19.84,41.9,1.0,11.0
74a9b9bddf14ece02beb81f52c41a88d,sao paulo,SP,2,2,95.0,22.06,47.5,3.5,12.0
74bafed391319577bce6f4d2acc0589a,sao paulo,SP,3,3,1847.0,237.73,615.67,2.67,7.0
74c7dec0a384d8a05950e629bd23bde9,mogi guacu,SP,5,5,187.68,61.2,37.54,3.6,11.5
750303a20e9c56b2a6bc45cdce0b897d,goiania,GO,54,57,8085.0,1309.81,141.84,4.28,13.59
751bdc4d83a466c7206cd42e8f426b03,ribeirao pires,SP,54,71,6648.93,1054.81,93.65,3.62,11.01
751e274377499a8503fd6243ad9c56f6,campinas,SP,1,2,218.0,17.84,109.0,5.0,2.0
75745ef7bc7d4f3ea3380f6f5303f514,brasilia,DF,3,3,228.4,48.92,76.13,5.0,5.67
7586919161935337bf6b6d7ff5779648,rio de janeiro,RJ,11,18,1664.71,330.22,92.48,3.17,15.67
75a4764c108403a7a0575140cb22287c,caxias do sul,RS,5,9,716.9,210.15,79.66,4.78,9.89
75d34ebb1bd0bd7dde40dd507b8169c3,salvador,BA,62,72,15048.28,1431.23,209.0,3.82,16.13
75fbb52eda0cbc24f479d3b2fbfa8d3e,goiania,GO,40,43,1130.99,943.52,26.3,4.4,13.78
75fdd0a732287f9497b179f6bd445d32,maua,SP,1,1,59.9,16.18,59.9,5.0,10.0
761681a821d8275bc79f552116d06869,sao paulo,SP,3,3,354.92,159.98,118.31,5.0,8.0
762ed976527cddf02787edba70fffa2a,londrina,PR,3,4,179.8,60.32,44.95,2.25,7.5
762fafdaa57a532ee0119731697579dd,itu,SP,5,5,206.7,54.17,41.34,5.0,4.0
76623fde66e6b63b59440fd34160512d,guarulhos,SP,3,3,65.4,23.34,21.8,4.0,3.33
7681ef142fd2c19048da7430856b5588,guarulhos,SP,59,77,31941.81,2916.12,414.83,4.12,10.38
76833248bbc0e65a0293ec62023e4396,birigui,SP,2,2,2399.98,230.7,1199.99,5.0,18.5
768a86e36ad6aae3d03ee3c6433d61df,sao paulo,SP,17,17,587.46,180.24,34.56,4.65,5.06
768de2a4fc06aacecb9a586ccc30746a,brasilia,DF,14,14,475.6,237.93,33.97,4.43,14.85
76c47a299e4a8fe992316a85865acbe9,ribeirao preto,SP,6,10,1024.46,221.88,102.45,4.8,15.3
76d336555bb25f3165d2f0d6da719c40,sorocaba,SP,2,2,330.0,23.63,165.0,2.0,12.0
76d5af76d0271110f9af36c92573f765,sao paulo,SP,131,159,33461.6,4079.96,210.45,4.08,11.42
76d64c4aca3a7baf218bf93ef7fa768d,curitiba,PR,64,69,16911.8,3543.49,245.1,4.12,10.64
76de363de16dacc923eec8daf91df504,xaxim,SC,2,2,360.0,50.42,180.0,2.5,13.5
76ea5315acb3f5f7ade3cd261faf922a,sao paulo,SP,15,15,1087.06,224.02,72.47,4.27,8.6
77128dec4bec4878c37ab7d6169d6f26,sao paulo,SP,1,1,6.5,8.72,6.5,5.0,12.0
7722b1df1b0e383e000397b2c11e3e19,sao bernardo do campo,SP,134,145,7094.09,2071.21,48.92,4.22,8.53
77530e9772f57a62c906e1c21538ab82,curitiba,PR,320,389,46610.4,8453.59,119.82,4.05,15.04
77714512e8d4dda9c234da8e3faf16e4,guarulhos,SP,4,6,243.4,105.58,40.57,4.0,12.83
777a0c55737f34ffeb78010f7542ab41,sao paulo,SP,6,6,452.5,75.83,75.42,4.33,4.33
778323240ce2830d68aab11794e00bfb,sao paulo,SP,3,3,189.98,52.45,63.33,4.33,10.33
77a515caa36327151d1cc6c32a9f00e1,diadema,SP,26,26,2217.39,396.19,85.28,4.42,10.42
77dcbb67ccb3659bd58eaf5661560a30,lajeado,RS,2,2,984.0,98.56,492.0,1.0,
77e4abfd739aed9c46480f90f81c0eb4,brasilia,DF,18,18,3736.99,355.22,207.61,4.78,10.06
77fccaae319668a8ab6cd0fd16aec48c,campos dos goytacazes,RJ,11,12,1667.0,221.44,138.92,4.33,8.92
7813ea3ebd9411dc600b4dd01f7a97b9,osasco,SP,9,9,1599.4,146.59,177.71,3.89,13.0
7816cd9c5b1238e320545f5bf7eb80e8,araraquara,SP,1,1,489.0,22.76,489.0,4.0,11.0
781a66c0d89e30814d49fe8b5e14cd07,campinas,SP,1,1,115.0,21.3,115.0,1.0,33.0
782f78b632a43875dd5b53e3e49c9564,campinas,SP,2,3,146.01,41.56,48.67,3.67,10.0
784ba75dd9d20200c4caed3d7a77141a,sao paulo,SP,21,24,8295.13,629.82,345.63,3.6,13.23
78744a20ee2f80ba64f6804c25def2b8,recife,PE,6,6,2715.0,353.85,452.5,4.17,18.83
78813699ffac347fe27dba345a5f1551,bento goncalves,RS,1,1,152.42,48.12,152.42,5.0,9.0
788e857f317e53de488d393e65a80f45,sao paulo,SP,11,11,1210.0,184.95,110.0,4.91,7.27
788f22bafdd7ab0e1e79f19db72f16a4,sao paulo,SP,2,2,125.8,26.24,62.9,4.5,3.5
78a4d36f65a019172c6154468831a69f,bauru,SP,7,7,1545.5,223.4,220.79,4.29,15.43
78ba5933c21686d1c2f64669c8c459e7,mogi das cruzes,SP,2,2,191.8,20.77,95.9,4.25,6.5
78c99c6dff4eeae5be99bf635ed21e3f,marilia,SP,31,39,2030.88,664.89,52.07,4.33,13.97
78ef7e885d17f35e2382a47aae8b8cce,santa cruz do sul,RS,3,3,388.0,65.44,129.33,4.67,8.67
7901646fdd36a55f564ffaf2dbccaaf7,rio de janeiro,RJ,22,27,11857.08,621.75,439.15,4.44,9.85
791cfcfe22fe4a771ece27f90017da92,ribeirao preto,SP,2,2,596.26,57.49,298.13,1.5,28.0
79565f7d5603b24ddf07ade262547f2f,araraquara,SP,8,8,385.0,109.07,48.13,4.0,13.43
7957cac1a02f45d0a4a7e45626382ec2,curitiba,PR,1,1,343.0,21.64,343.0,4.0,26.0
7963e546f34e098b578f9ad102494601,sao paulo,SP,1,1,60.99,21.23,60.99,5.0,18.0
7994081388d55b9cf976c050653dd359,sao paulo,SP,2,6,1020.0,89.65,170.0,1.67,13.0
7994b065a7ffb14e71c6312cf87b9de2,cariacica / es,ES,5,7,453.0,144.34,64.71,5.0,8.57
79a679c36c08d606b3fd47ead9de109b,sao paulo,SP,3,7,935.0,137.22,133.57,2.71,10.0
79b93a308a97792cf53ac75f46da00b5,rio de janeiro,RJ,1,1,99.9,16.14,99.9,5.0,22.0
79ebd9a61bac3eaf882805ed4ecfa12a,cascavel,PR,136,143,15092.79,4012.35,105.54,4.0,15.28
79ed755314cfe6df0daef2c6cd3022cd,rio claro,SP,23,25,3907.5,459.16,156.3,4.7,9.24
79ee721b6f766066a80264402548d359,bauru,SP,2,2,538.0,30.36,269.0,1.0,
7a073a40a9d3f1fee8bc45670ea1e909,londrina,PR,1,1,95.0,17.78,95.0,1.0,
7a188843479798ca813108fa7b959286,sao paulo,SP,1,3,149.7,26.16,49.9,1.0,
7a241947449cc45dbfda4f9d0798d9d0,jacutinga,MG,62,72,8027.63,1990.47,111.49,3.58,12.73
7a2d2949aea47fab95fd98d6c9f618b1,curitiba,PR,11,12,1638.99,211.24,136.58,4.25,11.0
7a425d299613df3e613bcf9d2eaf5c49,rio de janeiro,RJ,18,18,1218.8,286.67,67.71,4.11,11.78
7a67c85e85bb2ce8582c35f2203ad736,sao paulo,SP,1160,1171,141745.53,20902.85,121.05,4.23,11.14
7a704e63bb29c446869efde5d57524c8,francisco beltrao,PR,1,1,94.49,15.41,94.49,5.0,8.0
7a91bf945c6fae0779f1c61ce97fe45c,mesquita,RJ,5,5,799.5,82.57,159.9,3.8,43.5
7a9c12e235c36247c3c81f50d6ea9cea,sao caetano do sul,SP,5,5,983.9,115.69,196.78,4.6,13.0
7aa4334be125fcdd2ba64b3180029f14,laranjal paulista,SP,217,240,16234.81,4368.52,67.65,4.05,15.9
7aa538dd6e114e503a2e6154ea352253,catanduva,SP,5,5,1016.68,101.92,203.34,4.4,8.8
7ab0dd5487bab2dc835337b244f689fb,sao jose do rio preto,SP,1,1,12.5,10.96,12.5,5.0,6.0
7ad32824caee82087b3e2e5f33b1bf32,ibitinga,SP,151,184,22505.1,3545.22,122.31,3.77,11.4
7ad41305e96a6cab8294cd65891e9a86,rio bonito,SP,2,2,180.0,57.6,90.0,5.0,11.5
7adbd3210a7b3cc2235e225eef33574d,sao paulo,SP,3,3,131.9,72.96,43.97,4.67,10.33
7ade73f1b9b4e965f9009a4c3a7e2c15,bauru,SP,27,28,1880.3,457.87,67.15,4.78,9.59
7b07b3c7487f0ea825fc6df75abd658b,sao paulo,SP,93,98,9731.85,1342.79,99.3,4.34,9.44
7b0df942f46435babab05d49b744b2c4,braganca paulista,SP,32,32,22600.63,672.15,706.27,4.39,11.03
7b1222c3624aa89b9558b50a2594188c,sao jose do rio preto,SP,22,22,10103.52,457.57,459.25,4.45,17.59
7b3447b497e55af8c15fc7bd89d7b81a,sao paulo,SP,1,1,49.9,20.75,49.9,5.0,13.0
7b3f6ce5c6c22e9b96e7581ebf0df6e1,tambau,SP,1,1,29.8,12.69,29.8,3.0,11.0
7b7ed56ae755e2880f2b69632e839c1e,goiania,GO,5,5,321.5,135.1,64.3,4.2,7.2
7b7f91e98f8c6def45a1407923304402,osasco,SP,11,14,417.47,203.02,29.82,3.5,13.29
7b8e8ec35bad4b0ef7e3963650b0a87b,tubarao,SC,5,5,2244.28,372.02,448.86,4.8,22.0
7b98de631987e26dd6d803490c43a13c,loanda,PR,8,8,634.2,144.43,79.28,4.63,10.38
7bac63f6603d382cc8d0832eb6c100a8,sao paulo,SP,19,19,7751.95,362.65,408.0,4.0,15.74
7bb8fac2913a6064ec412e583c6d8b4d,bauru,SP,1,1,109.0,16.52,109.0,5.0,5.0
7bcd7c5f8631701474db233ccf1c094b,sao paulo,SP,11,11,666.0,194.94,60.55,3.64,14.38
7c1fea10b5b006671d608b1d7c446ec4,boituva,SP,14,14,423.6,224.15,30.26,4.0,16.36
7c4402417d51474d4d0cda9557340e40,sao caetano do sul,SP,1,1,119.9,27.69,119.9,5.0,7.0
7c4618c82226628831613e95e9c22f44,sao roque,SP,13,13,333.93,165.54,25.69,4.08,11.0
7c462184585ae80bd6e5774c62ce50f2,campinas,SP,1,2,60.0,17.64,30.0,3.0,16.0
7c4adcc13272c0e26fa23aac642adb7b,sao goncalo,RJ,2,2,135.0,30.63,67.5,3.0,17.0
7c51de0ab286204ce75ff42bf7c10d92,picarras,SC,4,4,759.0,149.64,189.75,4.5,9.75
7c5b05cbdb5542049f38d90d7815b97d,sao paulo,SP,22,24,1038.96,306.5,43.29,4.42,7.65
7c67e1448b00f6e969d365cea6b010ab,itaquaquecetuba,SP,982,1364,187923.89,51612.55,137.77,3.34,22.33
7c9130f5f3729edd32aa059141d92484,garca,SP,3,4,126.0,67.15,31.5,3.75,7.0
7caa63f175b1cecbfaadd8b5ab9998c7,sao paulo,SP,2,2,39.8,20.53,19.9,2.0,2.0
7cb946b1ad19faebe28c3e86c2794ec3,sete lagoas,MG,1,1,25.0,15.1,25.0,5.0,19.0
7cf4ea70955b00d6b3c22542598e2715,sao paulo,SP,1,1,189.9,14.91,189.9,5.0,7.0
7d13fca15225358621be4086e1eb0964,ribeirao preto,SP,565,578,113628.97,8632.05,196.59,4.0,15.61
7d294cf9a6a69dc6a0c3e540fff0e039,barra velha,SC,5,5,257.25,194.13,51.45,4.4,8.8
7d456afc660226829370f3173d14520c,mogi das cruzes,SP,56,91,8338.25,1519.62,91.63,4.27,8.94
7d484ca289afaac6bf5fc6a1e96d2226,campo grande,MS,2,2,183.2,65.22,91.6,4.0,12.0
7d76b645482be4a332374e8223836592,sao paulo,SP,176,187,3843.93,2587.61,20.56,3.93,13.16
7d7866a99a8656a42c7ff6352a433410,sao paulo,SP,5,5,147.89,59.49,29.58,4.4,4.8
7d7d2b7a51328016102d4528c411d630,ibitinga,SP,7,7,918.8,180.05,131.26,4.14,10.0
7d81e74a4755b552267cd5e081563028,sao paulo,SP,1,1,32.5,7.49,32.5,4.0,2.0
7d948535954aaf8c5d39db007f74372e,guaruja,SP,4,4,194.0,43.8,48.5,3.75,5.5
7daca0837f033a41a6f3428c18657533,tanabi,SP,7,7,1228.98,168.16,175.57,3.57,14.14
7dc8c42cc750eeafea6c85712ffee9bf,sao paulo,SP,41,50,6409.68,1035.41,128.19,4.26,8.62
7dc9a3355bae96dd82008b313d3a456c,dores de campos,MG,1,1,899.0,50.62,899.0,5.0,12.0
7ddcbb64b5bc1ef36ca8c151f6ec77df,sao paulo,SP,334,343,55578.57,7946.72,162.04,3.91,12.54
7dea6f73af847b42cc3985bd620f994d,cascavel,PR,2,2,324.0,56.17,162.0,4.0,5.5
7df1fc11cc5cbc518b39faa60cf5d67c,campo grande,MS,5,5,1037.6,134.36,207.52,4.2,7.6
7e1fb0a3ebfb01ffb3a7dae98bf3238d,franca,SP,159,174,27349.53,2986.4,157.18,4.13,15.55
7e26c750b4cb9f6766f58265ff9ebe95,belo horizonte,MG,23,27,1344.3,388.88,49.79,4.41,9.44
7e3dde9ffba72d5340f9aaf09b4424be,cambe,PR,1,1,220.0,22.03,220.0,1.0,
7e3f87d16fb353f408d467e74fbd8014,sao paulo,SP,92,94,4754.99,1438.71,50.59,4.13,12.53
7e79d65b5c6f1f544b7daea036acf720,sao caetano do sul,SP,4,4,517.8,62.09,129.45,4.5,8.5
7e93a43ef30c4f03f38b393420bc753a,barueri,SP,336,340,176431.87,6322.18,518.92,4.21,11.27
7e959205cebc10adefcb331f934238a4,sao paulo,SP,2,2,513.9,32.65,256.95,1.0,
7ea5bfa6c340f58f8e71fc1f0412b0d6,belo horizonte,MG,98,104,11002.89,1660.99,105.8,4.08,12.62
7ecd59e5e20407131822c1a68ac59c1f,brasilia,DF,24,29,1466.71,587.81,50.58,4.48,17.31
7ecef8194babfec876ca720714327841,campinas,SP,7,8,990.5,123.76,123.81,4.25,9.13
7f02656561b680def9986c0795a8a080,sao paulo,SP,2,2,84.0,27.83,42.0,3.0,14.0
7f152321c60a266edc53af1925ef96c1,criciuma,SC,20,20,3919.8,552.12,195.99,3.8,23.35
7f2617c58d5d06806987308b45654351,sao paulo,SP,22,23,3656.8,326.47,158.99,3.87,12.26
7f35f9daf223da737b78738fbae4d977,valinhos,SP,5,5,252.0,101.01,50.4,4.0,7.8
7f40d06aa0b5f1aa4f41af8c0480e2ef,rio claro,SP,6,6,1309.94,125.68,218.32,4.83,4.17
7f5e4d5efad7e44b91115dd1decb65f3,jacarei / sao paulo,SP,3,9,179.9,77.42,19.99,5.0,5.11
7f7b8245c336066a1f9933c359f11d77,mogi mirim,SP,38,43,2094.36,535.87,48.71,4.56,7.91
7fc87cc3e89b3d1d5cabdca32f8485aa,guarulhos,SP,14,14,2153.9,681.92,153.85,3.57,19.5
7fdb0720c8d7c9075538b365dc8c3a22,toledo,PR,9,10,1804.0,484.31,180.4,2.4,17.4
7fe21dd00d2f4943ae09525efa2fd674,rio de janeiro,RJ,4,4,299.6,57.36,74.9,3.0,7.0
7ff588a03c2aeae4fbd23f9ae64b760d,guarulhos,SP,14,16,1182.2,221.18,73.89,4.69,4.94
800214c63934acd05d47e84214db8ba8,jaragua do sul,SC,4,4,259.6,61.74,64.9,5.0,11.67
80146bc52c4f6af5239b23de2a20262b,taboao da serra,SP,1,2,27.1,49.68,13.55,3.0,
804287717b9156fb7a787acd9af4fac1,maringa,PR,1,1,18.8,15.1,18.8,5.0,9.0
8060d731897e33b5c5ae575ce1e209e1,blumenau,SP,5,5,199.5,91.45,39.9,4.8,7.6
808d4348b916efa08e766ebad39f61eb,sao paulo,SP,21,21,731.1,283.82,34.81,4.43,7.85
8090490573c6c0aa343a7231ebcb8c86,sao paulo - sp,SP,26,26,3871.12,426.91,148.89,4.19,10.0
809413606dbfe5deefd2db646693ef67,sao paulo,SP,3,5,196.68,50.37,39.34,4.2,8.0
80ceebb4ee9b31afb6c6a916a574a1e2,londrina,PR,1,1,6729.0,193.21,6729.0,,21.0
80cfd480be3eb6d6267139f5cb793555,sao paulo,SP,1,1,99.9,26.44,99.9,4.0,14.0
80e6699fe29150b372a0c8a1ebf7dcc8,pinhais,PR,98,100,11441.56,2713.34,114.42,4.29,11.48
80f2cf9abf6b5a0e5c612b5eea6646e6,sao jose do rio preto,SP,7,7,766.08,288.7,109.44,4.43,10.5
8132b9bd16876e1b0f8808d43825dd48,florianopolis,SC,2,3,727.9,41.04,242.63,2.33,17.0
813348c996469b40f2e028d5429d3495,jundiai,SP,179,202,11205.83,3594.6,55.47,4.0,10.18
81336a0f57a33776419727a300249e90,sao carlos,SP,16,19,1374.85,296.03,72.36,3.68,17.56
8160255418d5aaa7dbdc9f4c64ebda44,ibitinga,SP,385,431,47017.69,7853.81,109.09,3.83,16.69
817245bcc3badd82bbd222e0366951a6,bauru,SP,29,45,5580.5,722.58,124.01,4.07,10.89
81783131d2a97c8d44d406a4be81b5d9,sorocaba,SP,13,15,1782.54,195.04,118.84,3.43,7.0
817f85dbb65aa3e70831d90fe75cdf89,tiete,SP,11,11,1552.27,231.62,141.12,4.55,18.09
8185694b58b2ba6de20fd41ae608bbea,tabao da serra,SP,8,8,1372.3,230.27,171.54,4.5,11.13
818d28f936e791926d33bcb6ee94ef79,sao paulo,SP,5,5,139.5,77.2,27.9,4.0,13.0
81a1104df0f08b59c68aa5b03cfe398e,sao jose dos pinhais,PR,73,73,9420.88,1814.39,129.05,4.27,12.79
81ed90f07c0bacb7594940ba2ef676aa,divinopolis,MG,2,2,223.9,33.56,111.95,4.5,16.0
81f89e42267213cb94da7ddc301651da,presidente prudente,SP,46,52,3955.0,766.18,76.06,3.54,7.56
820c7c9eaf76d2b226b6c242bcf3f34d,sao paulo,SP,1,1,559.0,18.0,559.0,4.0,18.0
820cc752a266cdc6c1a1e61dd4583330,maringa,PR,15,15,2802.8,275.97,186.85,4.13,13.87
821fb029fc6e495ca4f08a35d51e53a5,sao paulo,SP,28,29,19187.42,1552.83,661.64,3.43,16.28
822166ed1e47908f7cfb49946d03c726,tres rios,RJ,69,108,3714.83,1821.12,34.4,3.92,13.77
822b63912576852aea9a8436d72317b7,mogi guacu,SP,8,9,4905.69,191.38,545.08,4.0,21.43
822bad9bc42b51213ba522fe87b7ab5d,balneario camboriu,SC,18,18,5160.0,527.34,286.67,4.11,26.61
827f8f69dfa529c561901c4f2e0f332f,curitiba,PR,91,104,3408.39,1595.57,32.77,4.26,13.23
82921991ff5b557b045605b8bbf08d49,sao paulo,SP,1,1,18.9,18.23,18.9,5.0,4.0
82bd0703a4aefd6b599e5bfdaed378fb,marilia,SP,21,24,2692.28,392.56,112.18,3.67,12.22
82cb9f452fe8334df74b22d37824b431,caxias do sul,RS,14,18,838.2,317.06,46.57,4.72,8.94
82e0a475a88cc9595229d8029273f045,sao paulo,SP,42,80,10930.02,1485.9,136.63,3.35,15.32
830379336fad8c6f3b15a4a3ddb5c66e,sao paulo,SP,2,4,268.0,170.38,67.0,4.5,6.0
83353a83fd769dfafa4f21a72b15e3e5,sao paulo,SP,5,5,579.5,94.83,115.9,3.8,18.6
834f3294fba9f932f56edc879193f925,araraquara,SP,66,66,39907.5,4299.92,604.66,4.55,14.18
834f8533b2ecb6598dd004ff3de7203a,sao paulo,SP,43,47,4538.29,958.02,96.56,3.72,14.96
835f0f7810c76831d6c7d24c7a646d4d,sao paulo,SP,44,50,5130.0,964.03,102.6,3.3,18.42
83645b1645cdee8953ee54c29ceed564,santa terezinha de itaipu,PR,14,14,978.9,266.2,69.92,4.43,10.21
8378eb36b6b70c5734e83ad7b8cdc3b7,itajai,SC,7,13,1714.8,241.87,131.91,3.77,20.0
83a75eea11694e36e56dd0cb2240229a,amparo,SP,3,3,487.0,42.47,162.33,5.0,4.0
83b08de96980757220871b31bf6cffca,rio de janeiro,RJ,5,7,1304.17,454.21,186.31,4.29,13.0
83c465a786b06574376909b35ef6752a,sao carlos,SP,3,3,281.4,49.06,93.8,5.0,5.33
83c8aafbefb034674a70de0eac5b8954,francisco beltrao,PR,2,2,134.9,50.97,67.45,5.0,5.5
83d458c0d6d4f94295d63f091460bd60,vila velha,SP,1,1,89.9,15.84,89.9,5.0,
83d7070a0b9a8b4625fa8682b819fabb,cotia,SP,2,2,694.77,127.63,347.39,1.0,
83deb69e889cf80f82be1dc6d5f2d486,florianopolis,SC,40,42,5363.01,913.64,127.69,4.36,15.74
83e197e95a1bbabc8c75e883ed016c47,mage,RJ,47,55,6693.69,986.37,121.7,4.75,10.52
83f2b4881141ce3fcd4e985125d3279e,ribeirao preto,SP,3,3,60.7,40.68,20.23,5.0,18.0
8444e55c1f13cd5c179851e5ca5ebd00,congonhal,MG,99,109,22873.21,2078.06,209.85,3.07,21.21
845e8036c3f7bf62099352f5ed910240,rio de janeiro,RJ,21,24,1584.6,460.64,66.03,3.83,8.29
8476243f92442881ddd5b578975cf115,campo bom,RS,12,12,7838.0,275.03,653.17,4.08,17.25
84c945f15571830c1a91a33978e94009,sao paulo,SP,2,2,51.98,26.06,25.99,4.5,9.5
84deb808079d1be601c209c1e771b1cc,curitiba,PR,2,2,34.93,23.21,17.47,5.0,7.5
8501d82f68d23148b6d78bb7c4a42037,blumenau,SC,1,1,19.7,10.96,19.7,1.0,
85044848b1b767db2a4a58526adef4b4,osasco,SP,4,4,240.6,64.91,60.15,3.25,8.75
850857dfac77488c307e2b1cbd84ab5a,cascavel,PR,1,1,1599.0,39.72,1599.0,5.0,3.0
850913d59ce317156b00f3705f1c3edb,atibaia,SP,32,34,2690.0,580.96,79.12,3.35,13.33
850f4f8af5ea87287ac68de36e29107f,sao paulo,SP,187,192,45355.36,3114.41,236.23,4.29,10.08
851773c885feb5e2da3b4f82bc2b17ce,lencois paulista,SP,10,10,585.3,251.83,58.53,4.2,16.6
855668e0971d4dfd7bef1b6a4133b41b,itatiba,SP,312,327,32208.16,7797.2,98.5,3.72,16.05
8581055ce74af1daba164fdbd55a40de,guarulhos,SP,387,435,64925.3,9659.0,149.25,4.23,12.83
85cc55e048b6bcc90c75afe7f0e72f72,barra mansa,RJ,9,9,308.28,193.48,34.25,4.44,13.0
85d9eb9ddc5d00ca9336a2219c97bb13,belo horizonte,MG,509,522,15415.24,8614.34,29.53,4.17,14.72
85e7c62c1d6ea078c3897424f867a7c8,itapema,SC,2,2,60.0,27.7,30.0,4.5,8.0
85ecf03781da592876b7844acc1b729f,sao paulo,SP,2,2,251.0,43.9,125.5,4.5,15.5
8602a61d680a10a82cceeeda0d99ea3d,sao paulo,SP,17,19,826.99,252.91,43.53,4.47,7.47
8603f0038fe0e52fedd3382d266723de,garopaba,SC,10,10,2355.0,490.12,235.5,4.4,21.2
8629a7efec1aab257e58cda559f03ba7,goiania,GO,1,1,45.22,18.89,45.22,1.0,59.0
8629c241b3622ac12cd4118afdc8d394,ribeirao preto,SP,13,13,1167.66,334.36,89.82,4.08,15.0
863d2ebcd347ce4922de7a0f9a5581d6,rio de janeiro,RJ,18,19,1382.36,308.81,72.76,3.95,11.61
8648b1e89e9b349e32d3741b30ec737e,jacarei,SP,95,103,7442.55,1503.5,72.26,4.03,9.14
86649b1632b1c0e6c0bcb2c90a8b75d8,medianeira,PR,1,1,59.99,17.67,59.99,1.0,
866558b3bccef2dbc6d29a2b5995016f,arapongas,PR,5,6,1519.4,351.35,253.23,4.67,12.0
86bb7c4b535e49a541baf3266b1c95b1,franca,SP,16,16,8162.4,324.82,510.15,3.2,20.06
86bf77bdb52e615674772d5817c6212f,viamao,RS,4,5,281.8,97.58,56.36,4.8,7.6
86ccac0b835037332a596a33b6949ee1,blumenau,SC,180,210,16619.93,3968.67,79.14,4.0,11.8
86ff3eaef0267069cc891a2ed9d10a17,palhoca,SC,7,7,409.75,140.61,58.54,4.71,8.71
870d0118f7a9d85960f29ad89d5d989a,pocos de caldas,MG,45,61,3157.2,1270.83,51.76,4.02,14.9
87142160b41353c4e5fca2360caf6f92,porto alegre,RS,305,339,31095.98,7218.33,91.73,4.36,10.73
8759e7aedd644f487315e5860962f162,santo andre,SP,3,3,627.0,166.34,209.0,3.67,32.67
876182d1918783bbe15233febfbd4926,sao paulo,SP,3,3,120.27,34.73,40.09,4.0,9.33
87b4428a334b8f676fd9a7f3bf544fb5,guaimbe,SP,1,1,29.99,18.99,29.99,5.0,7.0
87b740daf17b5d1be335a64164ec6842,suzano,SP,13,13,14699.87,1482.51,1130.76,3.31,18.18
87d30a6a0cbf89356e49324971ab1d24,sao paulo,SP,17,17,2134.13,215.78,125.54,4.35,11.24
87d3c3aeb3ead335511b3ce315eb341e,sao paulo,SP,15,15,749.35,213.71,49.96,3.5,6.47
87d73636a3acf123e842bb890a4db036,nhandeara,SP,1,1,269.9,43.71,269.9,5.0,13.0
87e24fc7052259b1f7f607d61c10d8be,sao paulo,SP,8,8,7473.49,236.37,934.19,3.5,15.14
87f3e35268860433e13d577825aada95,bom jesus dos perdoes,SP,3,3,161.7,41.78,53.9,1.0,52.0
880ce4951cf857ab1d9e0b75c1d856f4,belo horizont,MG,1,1,178.9,18.82,178.9,5.0,15.0
880eda903e719a5f179f7e9fceb3a69d,ipua,SP,1,1,249.0,42.72,249.0,1.0,
883dd81e82754ac2c65e9790a7db8c9a,curitiba,PR,5,5,319.5,74.96,63.9,4.4,7.2
88460e8ebdecbfecb5f9601833981930,maringa,PR,248,302,31546.55,4996.55,104.46,3.36,18.23
888faa8bfb0b159c37de6d898b961c31,braco do norte,SC,19,23,2418.3,526.7,105.14,3.87,8.26
889009a0ed0bb52c87819941192931b8,lencois paulista,SP,1,1,89.9,33.08,89.9,4.0,12.0
88ae906ea2acf6971f26c3e8b7cb4357,sao paulo,SP,3,3,246.0,42.01,82.0,3.33,15.0
88af55b4a7ca402b27df16f7c7c9b5d2,taboao da serra,SP,1,1,130.0,11.52,130.0,1.0,
88cd3681e0a2ba85e190f7d817629c4c,brusque,SC,1,1,180.0,19.36,180.0,4.0,7.0
88cf19ec1fc2c58f161aee259d57142c,sao carlos,SP,14,14,1372.97,234.71,98.07,4.5,6.36
88ef59b51bdaa941d10a853429f2b6ce,guaratuba,PR,2,2,252.9,41.8,126.45,2.0,6.0
891071be6ba827b591264c90c2ae8a63,sao paulo,SP,92,98,4177.28,1277.07,42.63,3.7,13.19
8931a84a914b3fe9b1ddaa4d704947ca,sao paulo,SP,29,32,4668.3,424.59,145.88,3.77,13.03
8936ba0de1073ee888cb3185ae5dc661,sao paulo,SP,1,1,389.99,22.22,389.99,5.0,13.0
897060da8b9a21f655304d50fd935913,ribeirao preto,SP,317,430,23023.92,6863.55,53.54,3.39,14.8
89757206b887aed36f3e18d858460fea,sao paulo,SP,2,2,120.5,55.64,60.25,5.0,9.5
89a51f50b8095ea78d5768f34c13a76f,brasilia,DF,10,11,677.16,177.1,61.56,4.73,7.36
89ad3263c0931c47f976d7c5778e60f6,sao paulo,SP,6,6,568.2,131.54,94.7,4.17,6.5
89bc797e2e29667aa035d4368f9b7f92,sao paulo,SP,17,20,407.3,252.15,20.37,3.75,15.16
89c127985a8b130cfa45c1d36764017a,osasco,SP,7,7,1419.57,120.63,202.8,3.0,10.83
89d9a386b0b6e5fc8403071b03f7206a,sao paulo,SP,2,5,167.0,68.25,33.4,3.4,13.8
89dda63a3c907c468ec88c310ed91213,maua/sao paulo,SP,2,2,734.99,42.14,367.5,3.0,25.0
89de2d6f23e9746ff309705b23581faa,londrina,PR,8,8,340.0,160.08,42.5,2.71,9.5
89f69225956f951295ca4c7fb1266553,vassouras,RJ,11,12,1041.3,277.41,86.78,4.33,9.83
8a130737016f838139d31878787a39c9,sao paulo,SP,56,62,4222.03,842.29,68.1,4.35,10.19
8a1ff5c35f6595a73fef4c7b96e4908a,sao  jose dos pinhais,PR,2,2,1598.0,284.8,799.0,5.0,10.0
8a207b6080964f3c1fc9d35bd6096ba4,jaci,SP,2,3,553.7,176.34,184.57,5.0,21.33
8a2d12a90e92f012ce5226fc6592b653,curitiba,PR,18,18,1594.65,338.97,88.59,4.59,9.11
8a32e327fe2c1b3511609d81aaf9f042,sao paulo,SP,132,180,6429.01,2363.03,35.72,3.78,9.09
8a40ae794fa3f9892cee24bd5af0488b,curitiba,PR,6,6,739.85,206.41,123.31,3.17,27.83
8a43128d7f9a3db592b866e6861a6cce,sao paulo,SP,3,4,990.6,67.89,247.65,2.0,6.5
8a432f4e5b471f8da497d7dc517666e2,presidente prudente,SP,95,106,7555.0,1965.11,71.27,4.2,7.92
8a87611c08849ffeeccab52aa798b6c7,curitiba,PR,13,14,2369.8,485.32,169.27,2.64,9.0
8a8835a43bda99fd37310ad76c457510,sao caetano do sul,SP,2,3,224.34,34.2,74.78,4.33,6.67
8a9260f2b0340411d6d2a56bcf4f7378,contagem,MG,8,9,1256.0,140.94,139.56,4.78,9.11
8ab42aa58097fd4668d60cc648225d5f,goiania,GO,20,26,2616.75,593.64,100.64,4.15,11.15
8ae520247981aa06bc94abddf5f46d34,navegantes,SC,65,65,16320.99,1445.35,251.09,4.45,10.88
8b11118053756a9a2932f447e11fc1b5,igaracu do tiete,SP,1,1,79.99,11.17,79.99,3.0,12.0
8b181ee5518df84f18f4e1a43fe07923,goioere,SP,1,1,27.9,27.08,27.9,5.0,14.0
8b2492b7ff4468839593fafeed55bad9,sao goncalo,RJ,29,45,3660.08,676.18,81.34,3.89,14.89
8b28d096634035667e8263d57ba3368c,sao jose dos campos,SP,143,155,9375.7,2591.45,60.49,3.86,14.21
8b2d4ab22f42c5cfc338b846decfda60,fazenda rio grande,PR,6,9,458.0,185.32,50.89,4.78,12.56
8b321bb669392f5163d04c59e235e066,sao paulo,SP,943,1018,17535.69,14156.36,17.23,4.0,12.54
8b655f0855926bcb49f5835d38dfddf6,osasco,SP,5,5,1089.5,73.31,217.9,4.8,5.6
8b87cd0d43d49b9bdf40f56229364d59,sao paulo,SP,5,5,1552.9,301.0,310.58,2.6,15.0
8b8cfc8305aa441e4239358c9f6f2485,londrina,PR,15,15,11892.0,1218.7,792.8,4.2,12.53
8b9d6eec4a7eb7d0f9d579ce0b38324d,mesquita,RJ,49,53,4232.54,1684.44,79.86,4.06,9.98
8bb48dc19fccaa8613b6229bf7f452a2,assis,SP,82,95,4190.72,1857.4,44.11,4.34,11.2
8bd0e3abda539b9479c4b44a691be1ec,tres de maio,RS,7,13,596.55,248.79,45.89,1.69,23.0
8bd0f31cf0a614c658f6763bd02dea69,sao paulo,SP,33,35,4455.34,967.98,127.3,4.21,10.14
8bdd8e3fd58bafa48af76b2c5fd71974,sao paulo,SP,11,11,2324.82,190.73,211.35,4.55,10.33
8c0de775f52fe41590b376a3b7c50f68,sumare,SP,9,9,672.7,135.33,74.74,3.89,6.13
8c16d1f32a54d92897cc437244442e1b,blumenau,SC,108,118,5642.6,2112.07,47.82,4.33,10.91
8c351ed7c326c62123318f4f3246e906,praia grande,SP,2,2,114.9,35.76,57.45,5.0,10.0
8c3b533c63cca56240f94f1e3a6b18ef,belo horizonte,MG,5,8,3312.16,989.61,414.02,1.33,48.8
8c5e007d7bd5693fa1386ffefbc99f6c,indaiatuba,SP,9,24,1029.11,378.3,42.88,4.17,11.88
8c91bfea4263b8fba54081460693e2a1,horizontina,RS,2,2,739.0,46.75,369.5,5.0,12.5
8c9348f33ae3dada25c99c99ade2af78,carapicuiba,SP,2,2,312.99,51.94,156.5,5.0,10.0
8ca1551acf9832a4cf467bbbac15851f,campo largo,PR,11,12,2176.4,266.54,181.37,3.67,15.75
8ca5b19e0263150d2c57afdde2b3d011,maua,SP,3,4,180.6,44.08,45.15,4.75,5.25
8cb7c5ddf41f4d506eba76e9a4702a25,anapolis,GO,2,2,138.0,44.37,69.0,3.0,16.0
8cbac7e12637ed9cffa18c7875207478,jaragua do sul,SC,67,82,2990.98,1663.37,36.48,4.15,13.46
8cc6a0e5738e61a87b03c78b2ba9db4b,andradas,MG,24,26,13312.4,525.82,512.02,4.15,16.88
8ccf3cf69651cc1d8a02c8bfaf3b8568,rio claro,SP,2,2,250.0,38.63,125.0,3.5,26.0
8cf21434553b02cbd37c0bbd07e041b0,sao jose,SC,2,2,94.98,67.15,47.49,2.5,11.0
8d46553a36e68f95350a200c12f8f2e2,campinas,SP,13,16,746.6,223.0,46.66,3.13,17.0
8d79c8a04e42d722a75097ce5cbcf2ef,caucaia,CE,27,28,2777.72,757.44,99.2,4.46,19.59
8d899e15a5925f097cca50faa49b15e3,sao roque,SP,4,10,645.0,150.98,64.5,2.5,7.5
8d92f3ea807b89465643c219455e7369,sao paulo,SP,3,8,121.2,131.57,15.15,1.0,42.13
8d956fec2e4337affcb520f56fd8cbfd,sao bernardo do campo,SP,211,228,11015.19,3327.95,48.31,4.19,9.28
8daab2245ebdc277c51098d01c5ad8ef,sao paulo,SP,16,16,1604.59,284.05,100.29,4.63,9.88
8dd386be0767c330276ea6a3f96532d3,paulo lopes,SC,1,2,89.98,44.5,44.99,5.0,11.0
8de8fe3af4449ed695d2434c933ed73e,sao paulo,SP,1,1,2090.0,65.35,2090.0,5.0,10.0
8def3db7f272735afb2ecd03aeca09a7,rio de janeiro,RJ,2,2,196.0,33.64,98.0,5.0,2.5
8dfbc5ff27df12f6cef751d3b9554222,curitiba,PR,4,4,226.0,90.12,56.5,4.5,10.0
8e29d051f810eb22959ede205b462b9f,mirassol,SP,2,2,599.8,213.48,299.9,4.0,31.5
8e2b3afb420011ef0c88c9d5f11ea526,campinas,SP,11,11,1384.5,147.93,125.86,4.27,10.64
8e34331b7eedd03be4e5d965c1956225,sao paulo,SP,5,5,145.0,65.44,29.0,4.8,13.8
8e4f041ff58e7845456d3482524014b3,porto alegre,RS,2,2,133.8,48.59,66.9,3.0,24.0
8e670472e453ba34a379331513d6aab1,juiz de fora,MG,1,1,975.0,108.96,975.0,1.0,86.0
8e6cc767478edae941d9bd9eb778d77a,araguari,MG,106,114,6830.58,2284.83,59.92,3.89,16.47
8e6d7754bc7e0f22c96d255ebda59eba,sao jose dos campos,SP,85,130,14497.27,1715.24,111.52,2.97,14.02
8e8a7ce9f2f970dc00e2acf6f6e199f6,sao goncalo,RJ,65,66,9101.0,1183.82,137.89,4.03,12.09
8ea394aed8138685abe1eb9f25e1021d,sorocaba,SP,2,2,1340.0,77.6,670.0,4.0,11.0
8eb88b0acb3f90a717ad659221471fa7,cacador,SC,2,2,119.8,40.87,59.9,4.5,12.0
8ec76bb0965af3f007692b26fa9d6623,criciuma,SC,1,1,1999.0,29.75,1999.0,5.0,11.0
8ed8ea9a57c862f2c18c2fe41f601d56,blumenau,SC,19,19,3831.9,731.07,201.68,4.47,8.58
8f0fbe2cd4d472157dc1cdef6edecaa9,sao paulo,SP,2,2,71.88,22.88,35.94,3.0,7.5
8f119a0aee85c0c8fc534629734e94fd,barueri,SP,77,83,3733.68,1092.77,44.98,4.22,9.88
8f2b51a30523cdecddc2f179f351c7d6,sao paulo,SP,7,8,1027.9,148.33,128.49,3.88,13.25
8f2ce03f928b567e3d56181ae20ae952,pirituba,SP,153,175,21712.9,3837.11,124.07,4.06,14.3
8f54d64f28a993550aa7943f12572959,ipatinga,MG,15,16,2755.5,377.62,172.22,3.81,13.88
8f580d36c1e9d6fbce95283403c7d447,ribeirao preto,SP,8,8,4813.25,180.15,601.66,4.38,12.25
8f78f0903005064036736c7173a5c2ed,tiradentes,MG,13,21,2113.7,632.25,100.65,3.48,18.19
8fb67a334bacec338885b4e9e1708073,toledo,PR,1,1,59.9,38.52,59.9,5.0,8.0
8fb791022c1fc8909664f48ab7dc636d,sao paulo,SP,5,5,8119.95,363.4,1623.99,4.2,5.6
8fbd63429be6d3e5e6d1a709b6464802,santo andre,SP,6,8,1061.4,179.57,132.68,4.63,8.13
8fbe2ee446b97e128471be4ce983dc0d,sorocaba,SP,3,3,148.5,40.0,49.5,3.0,7.67
8fd3b4468f6425810648177996c14cbd,sao jose do rio preto,SP,1,1,354.9,21.67,354.9,5.0,10.0
8fdca8e349553f99bc738833a62c8802,sao paulo,SP,22,29,989.34,380.88,34.12,4.36,10.38
8fe8786ee000001ab51d030dfd4a7bf1,paulo lopes,SC,5,5,2255.0,201.44,451.0,4.6,15.8
8fec2e460530482132c436cfb5439925,laranjal paulista,SP,3,5,468.46,80.15,93.69,3.8,32.2
8ff1a9df749e454105c55cda13e79143,marilia,SP,13,14,1400.6,277.21,100.04,3.73,12.5
8ff38bc3969e67c36c48343a07090f66,sao paulo,SP,2,8,3472.0,387.56,434.0,2.5,16.5
8fff28c4263ddec387f28d237fb42773,sao paulo,SP,4,6,339.4,82.28,56.57,3.67,7.75
900ba814c251a692506d7834c1218441,salto,SP,88,88,29099.69,2368.25,330.68,4.19,12.37
901b460cdce0c64e471230d7f2f9f3a3,porto alegre,RS,5,5,1904.0,108.56,380.8,4.4,15.2
902c99f1ac505c0d18778b61bcd636f7,mogi guacu,SP,4,4,157.96,100.16,39.49,4.0,5.0
903037660cf848a717166eb7a06d616e,sao paulo,SP,45,60,7991.51,1091.77,133.19,3.77,11.58
90b36c5aeb728d5504a39f435bef0c5f,conchal,SP,5,7,207.86,132.37,29.69,3.29,11.5
90b57083da5d803237da74daec6dcb2b,curitiba,PR,2,2,206.9,34.31,103.45,5.0,7.5
90d4125885ab6c86e8820a722be71974,taboao da serra,SP,3,5,1299.55,43.4,259.91,1.0,
910a922b426b7ff95eaee129ad6c0e1f,sao jose do rio preto,SP,2,2,119.8,31.16,59.9,5.0,15.0
913fd0ebba70bb919f7254a02239173c,blumenau,SC,1,1,159.9,19.22,159.9,1.0,13.0
9140bd1d9de28b197dce077bdd687438,amparo,SP,6,8,1258.87,184.06,157.36,4.13,5.13
9140ef75cc8211c4035935e80e567204,maringa,PR,1,1,49.9,22.28,49.9,5.0,12.0
91543f9849d68d023e17194926598543,blumenau,SC,4,6,834.0,266.57,139.0,4.33,10.83
916748bc99315c2d202898ae58b1617e,sorocaba,SP,25,32,369.4,377.11,11.54,4.34,10.44
916c9de0b5ad957346eeeb12f332687e,curitiba,PR,23,28,5480.25,493.53,195.72,4.39,8.11
918717417d88a9f9ae9735567e6c7682,sao paulo,SP,4,4,345.7,43.52,86.43,5.0,8.25
918f6fbcf3ab724d805867303e593a1b,valinhos,SP,2,3,79.7,32.88,26.57,4.33,5.67
9198786624eaeb375793215cad26cfa6,rodeio,SC,9,10,908.3,210.07,90.83,3.9,12.44
91f0eec23d4a61d7d7caeefa3f0ad1ca,tubarao,SC,11,11,2190.8,354.46,199.16,3.55,25.91
91f5779a8731baca4809fdeade81803f,barra mansa,RJ,6,6,1971.46,145.63,328.58,3.83,16.17
91f848e9f4be368f4318775aac733370,sao paulo,SP,63,73,5932.6,1235.56,81.27,4.27,10.43
9200e6ce317b67196b6b0bad4d4bd567,rio de janeiro,RJ,1,1,36.9,14.52,36.9,3.0,16.0
921323538c9f1c4e816f2720eac02bea,sao paulo,SP,15,17,1401.84,240.36,82.46,4.0,7.88
9261d76c62caaf0b24677c2ceb7f8f20,palhoca,SC,6,7,968.7,247.54,138.39,3.71,7.57
92992bec39dde5766f590d3b1f46d465,sao paulo,SP,1,1,109.0,12.67,109.0,1.0,
929f342384a6607afe143d789ade1316,londrina,PR,4,4,209.4,63.36,52.35,5.0,4.5
92c8bc6e8f925792247656fed09aad65,sao paulo,SP,3,3,259.7,39.87,86.57,2.33,13.5
92d14edfb62ee5ae7fdff70b0f4e7233,sao bernardo do campo,SP,8,13,322.0,165.65,24.77,2.77,6.69
92eb0f42c21942b6552362b9b114707d,sao paulo,SP,341,365,6548.63,4944.04,17.94,3.93,13.46
9315e491484b1b0081ca166fc164108d,londrina,PR,1,1,29.99,30.41,29.99,3.0,7.0
933446e9a59dece7ae9175103820ca8f,curitiba,PR,2,3,381.39,57.46,127.13,2.33,24.0
934ed5cd1b9c1c7382d0a94a94b9e639,curitiba,PR,1,1,125.85,26.62,125.85,5.0,13.0
939e6227d6964a11a70aa91243e418f2,conselheiro lafaiete,MG,4,4,425.0,63.25,106.25,4.25,5.25
939f6e231201f26803cb5c3a3d2940b3,bauru,SP,3,4,130.6,95.02,32.65,4.75,10.0
93b9a99027bd8bd6af682aff18dd19bf,mairipora,SP,20,21,1953.0,467.11,93.0,4.1,11.2
93bef6edaa84956e8e575016449b6351,sao paulo,SP,1,1,115.0,14.56,115.0,5.0,10.0
93dc87703c046b603023e75222018b45,belo horizonte,MG,35,36,8517.35,688.94,236.59,4.0,19.68
94144541854e298c2d976cb893b81343,viamao,RS,68,76,17286.28,1429.37,227.45,4.33,12.3
941554c5757b73ba0e50aa7732310afc,sao paulo,SP,3,4,107.69,58.66,26.92,4.5,7.75
94165aea8a35c3c21499cbcae239b16c,uberlandia,MG,1,1,180.0,16.11,180.0,2.0,6.0
94231344608e603693b0a8891143f65d,porto alegre,SP,3,3,722.0,102.18,240.67,4.0,12.67
9449f25aeaf531019b76999ea49a6949,rio de janeiro,RJ,10,10,2046.45,179.39,204.65,4.0,13.56
9485a23c0430ba1d58d359391606fce6,santo andre,SP,5,5,1129.9,65.25,225.98,3.2,13.75
94b9108d4b637ba65bb4f1e53cfcf8d8,guarulhos,SP,7,8,234.96,99.13,29.37,4.5,16.13
94c49f20a123aeb9360dbf80ff912bf6,sorocaba,SP,3,3,277.75,61.54,92.58,3.67,14.0
94ca168e8bcb407ab85c5da308863027,clementina,SP,5,5,224.3,87.36,44.86,5.0,12.6
94d76e96eedd976258cd3278ce56d5f2,sao roque,SP,1,1,385.61,68.56,385.61,5.0,7.0
94e93ce877be27a515118dbfd2c2be41,votuporanga,SP,30,35,5674.57,868.15,162.13,3.94,13.5
951e8cef368f09bb3f3d03c00ca4702c,ibitinga,SP,64,71,4092.29,1400.8,57.64,4.12,9.14
9523fb39dd240aa958e040f8183d64f3,sao paulo,SP,1,1,146.99,21.3,146.99,1.0,22.0
9535a841eecebed61a9fb1ac1cbb5597,sao paulo,SP,2,2,784.9,33.43,392.45,3.0,9.5
9539213aa8e023c01937bef95dc006da,sao paulo,SP,9,9,229.1,89.94,25.46,4.56,11.56
954e95f20808d7e5d11f0de292d078e0,joao monlevade,MG,3,4,158.78,119.18,39.7,4.75,10.75
9558aa23f77a9e0a0eca83540999f43b,apucarana,PR,2,2,125.7,29.88,62.85,3.0,21.0
955fee9216a65b617aa5c0531780ce60,sao paulo,SP,1287,1499,135171.7,25430.98,90.17,4.05,10.67
9591fc341b1bfb7ef561e2968ec6e011,sao paulo,SP,1,1,79.9,14.31,79.9,1.0,
9596c870880d900012f2e8e6e30d06d7,varginha,MG,22,24,8606.25,2009.08,358.59,4.04,13.26
9599519be538b98748162a2b48248960,sao paulo,SP,1,3,570.0,60.06,190.0,1.0,22.0
95b293867b5862941c9cd74f756a3c68,sao paulo,SP,9,9,648.1,98.12,72.01,3.56,21.11
95cca791657aabeff15a07eb152d7841,palotina,PR,1,1,9.99,18.23,9.99,5.0,4.0
95e03ca3d4146e4011985981aeb959b9,rio de janeiro,RJ,175,193,11009.96,3233.54,57.05,4.0,12.24
95ec4458365c4d11f452ccf538377619,limeira,SP,27,31,1866.76,436.67,60.22,4.27,5.61
95f83f51203c626648c875dd41874c7f,borda da mata,MG,52,67,3217.46,1609.05,48.02,3.21,11.0
960945e1a9535cbc0cd6ddd35fbe7ae8,sao paulo,SP,28,29,3381.73,479.8,116.61,4.66,5.97
9616352088dcf83a7c06637f4ebf1c80,umuarama,PR,92,98,5703.0,1787.57,58.19,4.24,12.33
961dff0a659b4561334372337dd897d9,rio de janeiro,RJ,4,4,9946.0,136.56,2486.5,3.75,20.67
9646c3513289980f17226a2fc4720dbd,sao jose dos campos,SP,71,78,3039.3,1208.02,38.97,4.26,12.61
96493fab2fbb13a14d0c0e8772eef5c3,sao paulo,SP,63,64,18969.0,1212.23,296.39,4.03,13.38
964ff64dc05b13811c6d0f41e0aa5f6b,sao paulo,SP,1,1,180.0,24.06,180.0,5.0,7.0
966cb4760537b1404caedd472cc610a5,diadema,SP,75,75,51286.05,1649.82,683.81,3.85,9.99
9674754b5a0cb32b638cec001178f799,sao paulo,SP,86,97,5069.92,1214.91,52.27,4.0,7.78
96804ea39d96eb908e7c3afdb671bb9e,ibia,MG,38,40,3610.7,755.06,90.27,3.9,13.44
968268a686aa05d1f529fb07dff08130,sao paulo,SP,12,12,4677.29,203.55,389.77,3.5,9.25
968ee78631915a63fef426d6733d7422,erechim,RS,2,2,450.0,71.67,225.0,3.0,15.0
96e5dc09087bad639b4ee193104ec2e5,bom jardim,RJ,2,2,101.9,52.54,50.95,4.5,7.5
96f7c797de9ca20efbe14545bed63eec,cravinhos,SP,1,3,138.6,38.37,46.2,1.0,2.0
972d0f9cf61b499a4812cf0bfa3ad3c4,brusque,SC,83,88,8089.29,2151.3,91.92,2.96,18.09
973f21788dfab357250f69a8dcb7ddee,claudio,MG,10,21,909.0,536.65,43.29,2.33,21.11
974cf2cb8f4b7add98709c30df02fe10,araraquara,SP,33,33,2982.67,577.01,90.38,4.06,11.2
97512d3fc193b2d1dfcdba0f9d1f0f8a,sao paulo,SP,12,13,1458.87,341.55,112.22,4.31,7.85
977f9f63dd360c2a32ece2f93ad6d306,tabatinga,SP,24,25,2858.87,934.98,114.35,3.8,12.46
979e9f8b5b39dd243a2550c8b05aecf0,sao paulo,SP,3,4,525.0,46.88,131.25,5.0,8.5
97e4a63591ca439a2b8b7efd20e6e19e,rio de janeiro,RJ,5,5,349.95,78.55,69.99,4.4,6.4
97e50a621f8e801f4baf69e08687c192,sao paulo,SP,1,1,89.9,7.88,89.9,5.0,9.0
97e995629983723d11830a829bc2b246,lorena,SP,5,5,499.5,99.37,99.9,4.8,16.8
9803a40e82e45418ab7fb84091af5231,rio verde,GO,11,18,4278.75,512.63,237.71,3.11,15.56
980640c45d7a4635885491d077167e4d,rio claro,SP,14,14,1004.29,242.37,71.74,4.64,7.5
98115075dd26cb8835946fc6086f5d30,ao bernardo do campo,SP,4,4,434.96,56.24,108.74,4.75,4.25
984c273121e743dd14767befe6cb17f5,americana,SP,1,1,259.6,21.31,259.6,1.0,34.0
9853a239ab7b7ebbdc3a21248d5b8e1f,campo largo,PR,5,5,381.0,90.01,76.2,3.8,18.25
985c92cc412091f8529c12d7f23d3fef,sao joao del rei,MG,12,12,1368.5,238.13,114.04,4.75,7.58
989becdce12ebc39863c2bceab6f3ca1,curitiba,PR,18,18,7840.88,1052.45,435.6,4.56,13.8
98dac6635aee4995d501a3972e047414,sao paulo,SP,91,195,4235.85,2439.52,21.72,3.88,8.48
98dddbc4601dd4443ca174359b237166,sarandi,PR,2,2,158.0,53.67,79.0,5.0,8.0
98e164d549402270247f3c96a1a158ef,sao paulo,SP,2,2,162.7,24.72,81.35,2.5,9.0
98f52e1020fe788c10c0418de4393fec,macae,RJ,1,1,21.6,15.1,21.6,4.0,9.0
99002261c568a84cce14d43fcffb43ea,cuiaba,MT,36,36,4088.0,1100.33,113.56,3.72,16.72
9906e7aa42a3c067b7c9a564d01c4320,maringa,PR,12,16,2619.0,496.6,163.69,4.06,16.0
994f04b3718c2bab35c2adfa8afecd2a,jaguariuna,SP,49,57,3445.7,775.51,60.45,4.28,13.47
9996ae921c50e8dff411ac69c0b4bb8b,tupa,SP,2,3,29.7,43.67,9.9,2.33,16.67
999f6d9a1c7c81f43be44c6b7d076210,sao paulo,SP,2,2,28.0,22.83,14.0,4.5,5.0
99a25c39b28a74d1151c35c18d178292,sao paulo,SP,1,6,173.94,44.76,28.99,5.0,2.0
99a54764c341d5dc80b4a8fac4eba3fb,sao paulo,SP,45,67,3708.76,1317.5,55.35,3.47,7.02
99cd94252748d2bdde08e17858233602,sao paulo,SP,2,2,159.8,21.52,79.9,4.5,3.0
99eaacc9e6046db1c82b163c5f84869f,franca,SP,66,70,13139.17,1135.35,187.7,3.9,15.03
9a03a4e9eb0b947652fae4f6121a3f5e,catanduva,SP,7,7,1497.0,185.22,213.86,3.86,13.71
9a1aea68d3efa00862ec88c0768037d0,catanduva,SP,7,8,1309.2,192.51,163.65,4.38,13.25
9a208dee8f95cfdf00760c4d627828ec,belford roxo,RJ,1,1,269.9,26.09,269.9,1.0,
9a84ba99f5367fdbd4598363496f1ea2,luziania,GO,16,16,2284.98,435.95,142.81,3.63,10.67
9aa388272ee334b6ae07bc73706e254a,muriae,MG,6,7,678.0,183.46,96.86,3.86,7.57
9ac4f14370b1e24ddc58be041b7f99df,jaragua,GO,5,5,314.51,122.14,62.9,4.4,9.0
9ac75591b69c3402684b6ce0310f22ee,sao paulo,SP,1,1,60.5,9.17,60.5,5.0,3.0
9add47bf45ce8e8c7db6b9cf670b1e09,fazenda rio grande,PR,43,45,4829.24,1158.04,107.32,4.2,12.23
9b00cad94ef3078faf6fba2e792c158f,janauba,MG,1,1,354.9,18.92,354.9,5.0,19.0
9b00ed88b7fdb95d6ff76e27c1b52d16,sao paulo,SP,47,51,1627.88,575.48,31.92,4.51,8.96
9b013e03b2ab786505a1d3b5c0756754,vicente de carvalho,SP,174,225,9027.4,2604.21,40.12,4.0,7.9
9b1050e85becf3ae99c1cf4934c9bc5d,montes claros,MG,2,2,85.14,30.2,42.57,2.5,
9b1585752613ec342d03bbab9997ec48,rio de janeiro,RJ,3,3,4248.98,100.06,1416.33,3.67,8.0
9b1ab052f5fca308ba743ac789ebb2e1,pitanga,PR,2,2,294.09,31.99,147.05,4.0,10.5
9b1f656ca3060f8af17a50d8a024b533,santos,SP,2,2,41.0,47.68,20.5,5.0,16.5
9b522ba7eae9e1d04082f267144583cc,sao paulo,SP,4,6,1507.6,148.05,251.27,4.5,27.0
9b76ad3d04236f76bc71c59470305e13,boituva,SP,2,3,394.7,61.93,131.57,5.0,5.33
9bade61a92bed55a25d2b67b9f4ed739,sao jose dos pinhais,PR,2,3,117.68,57.12,39.23,2.33,10.0
9baf5cb77970f539089d09a38bcec5c3,indaiatuba,SP,32,33,6129.67,543.73,185.75,4.33,14.78
9bc484c87d79cd4874e05ca182658045,sao paulo,SP,9,9,1120.0,149.87,124.44,4.0,13.0
9bcdfa7b615b3abb9461d9e3ad9886ae,blumenau,SC,14,20,2126.07,397.72,106.3,4.6,11.5
9bf11dfc0bec77e5a23028043c3c5a8f,contagem,MG,1,1,115.0,17.06,115.0,1.0,32.0
9c068d10aca38e85c50202e17b4a7e88,coxim,MS,17,17,2658.9,449.93,156.41,4.13,16.47
9c0e69c7bf2619675bbadf47b43f655a,sao jose dos campos,SP,157,206,33702.78,2900.18,163.61,4.02,15.09
9c1c0c36cd23c20897e473901a8fb149,praia grande,SP,6,7,544.97,172.07,77.85,5.0,5.86
9c351405b754cc5ce3e2ecf277bb034a,sao paulo,SP,1,1,45.0,14.11,45.0,1.0,
9c3a1c416c765687bc79a04113269929,carmo da mata,MG,1,1,74.9,58.9,74.9,1.0,7.0
9c3c24eca51c52b91c1de727d2a2ae06,caxias do sul,RS,6,6,307.5,113.66,51.25,4.5,10.5
9c4d31c7e46ab03a43fc06e3142afd4e,rio de janeiro,RJ,2,2,1218.9,43.82,609.45,4.5,7.0
9c54608f0996c32ae4743089d915f845,loanda,PR,3,3,194.8,109.92,64.93,4.0,12.33
9c57bc60cfad5ee62d35d3f1ce4593a1,curitiba,PR,1,1,180.0,15.43,180.0,1.0,37.0
9c690ceacd5c66731bf443ea810195cb,camanducaia,MG,10,12,871.8,249.22,72.65,4.42,7.42
9c7fd21e0aa159b20da593371f08ff7c,osasco,SP,7,8,798.3,123.5,99.79,3.38,6.63
9cad4b68bb993ee401a3c5aaa2bc26dd,birigui,SP,5,7,649.3,114.03,92.76,3.43,16.14
9cea4682e16655f7da87f406902e989e,araucaria,PR,4,9,87.76,131.47,9.75,2.33,9.0
9cf787a239c1aa29dbd76f153dc13f9a,franca,SP,4,4,316.0,52.4,79.0,4.75,6.25
9d213f303afae4983637247556438ede,ibitinga,SP,2,3,47.7,73.11,15.9,5.0,6.33
9d39404483343dd55c7ae254494d8388,sao paulo,SP,10,10,293.2,141.08,29.32,3.5,14.2
9d489893ff6af05029671b785f54b998,leme,SP,5,6,298.7,102.54,49.78,4.17,7.33
9d4db00d65d7760644ac0c14edb5fd86,sorocaba,SP,98,100,9979.7,1533.11,99.8,4.52,8.06
9d5604a1f112324ad6b2aa552122e0fb,florianopolis,SP,13,17,421.5,340.48,24.79,3.65,12.0
9d5a9018aee56acb367ba9c3f05d1d6a,aparecida de goiania,GO,67,79,10292.31,1689.9,130.28,4.41,14.38
9d681c7e12db302cb261e721040dde65,curitiba,PR,13,14,785.6,273.08,56.11,4.93,8.86
9d69ba0a7a626a64dc5db08e529559cf,ribeirao preto,SP,1,1,19.3,18.24,19.3,5.0,14.0
9d7a1d34a5052409006425275ba1c2b4,franca,SP,13,16,1054.82,277.05,65.93,3.75,12.88
9da15f4a4ea758d9eeb49000dbe57e22,osasco,SP,1,1,196.9,37.71,196.9,2.0,23.0
9da1ca0bef29ee170e541927a5aeabdc,votuporanga,SP,6,6,1484.4,127.63,247.4,3.0,16.67
9dc79dd988ac42f4d56c340d7048420a,sao paulo,SP,4,4,749.6,94.33,187.4,4.75,6.25
9dd459b29a14bf89d47183cf2cd0e4c7,sao paulo,SP,2,2,180.0,18.82,90.0,5.0,6.5
9dd59e43f0c9f0553244e8f9c2fb247e,foz do iguacu,PR,10,10,356.3,151.82,35.63,4.8,13.1
9dda5bbacd45e18d6485fee649205d09,santa rita do sapucai,MG,19,22,1912.6,506.73,86.94,4.23,14.55
9de4643a8dbde634fe55621059d92273,joinville,SC,72,81,17560.34,1722.07,216.79,4.53,14.98
9df5750209b83567ec144eb299d7d634,sao leopoldo,RS,11,11,4917.0,259.3,447.0,4.0,14.09
9e17b9d64683aebcbb9ee362d06463b4,ribeirao preto,SP,2,3,98.7,37.97,32.9,1.0,
9e25199f6ef7e7c347120ff175652c3b,taubate,SP,1,1,12.5,14.52,12.5,4.0,8.0
9e6229250fedbe05838fef417b74e7fb,mirandopolis,SP,74,78,13132.2,1854.45,168.36,3.9,11.9
9e6967d3cf386d284251784b18ccb485,sao caetano do sul,SP,9,11,517.67,137.23,47.06,3.64,7.82
9e7c5f4d7770eab65738cca38f9efccf,sao paulo,SP,2,2,184.8,38.08,92.4,3.5,7.0
9e94fa26a70ede4d26226e918e8706a2,sao carlos,SP,1,1,62.8,9.94,62.8,5.0,5.0
9e9b539eb2806acee3f5c28085c1db9f,contagem,MG,3,3,967.0,72.47,322.33,3.67,24.33
9ed65337433adfbedefd23dd76eaa494,sao paulo,SP,6,6,1262.6,81.05,210.43,4.83,7.5
9ef932e837d8b7f392c0bfee9d359dc2,ibitinga,SP,1,1,59.9,19.66,59.9,3.0,37.0
9f50216bfd01913736a55a11b55ea842,taubate,SP,17,19,1354.0,317.1,71.26,4.47,10.47
9f505651f4a6abe901a56cdc21508025,sao paulo,SP,397,430,26361.82,6030.04,61.31,4.28,8.07
9f56a7a649097b166d8ed286ad86a15c,rio de janeiro,RJ,2,2,27.98,23.04,13.99,1.0,
9fbd5666d8618fa571c4230fafa09bd6,sao paulo,SP,1,1,79.9,16.81,79.9,5.0,13.0
9fc70243fb26800cba56e8f014797004,belo horizonte,MG,6,7,466.6,104.7,66.66,4.57,9.57
9fe7c6641c79970ab48185498f547c09,sao paulo,SP,1,1,130.0,34.71,130.0,5.0,18.0
a00824eb9093d40e589b940ec45c4eb0,bofete,SP,3,3,9399.97,379.49,3133.32,4.67,8.0
a0415d9b25ede3c4b1e477e9916ffc03,nova iguacu,RJ,10,10,4044.1,203.88,404.41,3.9,9.0
a066df7361163e7ddc5d7452dd17448b,franca,SP,15,17,1078.3,266.32,63.43,4.47,15.65
a06c8ff043abea0528ee44171e2140a2,divinopolis,MG,8,8,514.5,92.43,64.31,4.75,3.88
a080fc8a850289b27500f6b49cca2553,sao paulo,SP,4,4,383.0,52.57,95.75,4.75,5.25
a08692680c77d30a0b4280da5df01c5a,sao paulo,SP,6,17,2433.0,227.91,143.12,5.0,10.82
a09a13f18ed27932d08438aa6f12756e,sapiranga,RS,1,1,29.9,16.11,29.9,3.0,9.0
a0a14e50070f3225b3eabba5b85da517,curitiba,PR,4,4,176.2,72.44,44.05,4.5,6.0
a0d7fbb07bb5ebc3b05980e750db56f3,ferraz de vasconcelos,SP,3,4,848.99,236.19,212.25,2.0,17.5
a0e19590a0923cdd0614ea9427713ced,sao jose dos pinhais,PR,2,7,258.3,139.12,36.9,1.0,
a1040efe9ff4a6f93c28b0499eada8f5,jundiai,SP,1,1,1658.83,34.48,1658.83,5.0,17.0
a1043bafd471dff536d0c462352beb48,ilicinea,MG,718,770,101901.16,31844.09,132.34,4.19,13.55
a11a0e0ca67423425691db355cff69b0,indaiatuba,SP,2,2,448.9,28.08,224.45,5.0,5.5
a13580f0e8f782b7a543885a0ef99f08,rio de janeiro,RJ,10,10,1304.9,258.78,130.49,4.4,25.0
a13aaf2d2886ab9fb30fb9a920160b8f,joinville,SC,4,4,1011.52,74.31,252.88,4.5,9.5
a1474fd46fd3430168f7ec202da39408,pinhais,SP,12,14,2752.5,661.02,196.61,4.43,15.86
a150c540f572d0fb53992264bc5c10b5,sorocaba,SP,1,1,119.9,15.59,119.9,4.0,11.0
a1544b9ea0b2390e020537d4daa89049,jundiai,SP,8,8,841.2,107.33,105.15,3.88,10.88
a154d7316f158bb42e6fa18bbe3afd3a,sao paulo,SP,2,2,139.8,50.33,69.9,3.0,47.5
a17f621c590ea0fab3d5d883e1630ec6,sorocaba,SP,65,80,2778.58,1122.96,34.73,4.09,11.62
a1bea7061f61f6fdd9a85a6325ba1033,carapicuiba / sao paulo,SP,9,9,810.95,99.93,90.11,4.44,4.44
a1bea9970d8f65b240555f99c2214f7f,pinhais,PR,1,1,75.0,27.48,75.0,3.0,9.0
a1ed30492b3b798bc121845bc4aa7366,sao paulo,SP,1,2,41.8,23.7,20.9,3.0,
a20d8058c866dbaeca014d2cd20ac62e,sao jose dos campos,SP,2,2,1194.0,44.9,597.0,5.0,23.0
a213f1bd6458f4a158f3746cb2514559,maringa,PR,1,1,41.52,14.43,41.52,5.0,9.0
a218df5c097b0ca409cfaac1488cc7f6,araraquara,SP,4,4,130.69,110.01,32.67,2.75,11.5
a21c11ec5c3f03e7cc9f9203bff9e1c6,santana de parnaiba,SP,3,4,385.0,90.88,96.25,3.0,8.75
a23266650e7c84bb93fbbba502137478,porto alegre,RS,11,16,1512.4,279.04,94.53,3.25,10.56
a247197e2e9c19a6a53a6888cb8b660f,sao jose do rio preto,SP,2,2,798.0,143.07,399.0,1.0,
a254c682cc01e119f83530446f1df9a9,cafelandia,SP,6,7,569.4,240.02,81.34,4.14,15.86
a2a41aedb70551d4a85aa04dc2fced48,sao paulo,SP,2,2,52.79,26.94,26.4,4.0,8.5
a2b5b6105ea5942300631d2e76f4ffe0,osasco,SP,16,16,3286.69,722.65,205.42,4.75,8.56
a2b911e9ad40dc7d61c142a4683e2d85,barra mansa,RJ,1,1,85.9,34.4,85.9,5.0,13.0
a2deecd5398f5df4987110c80a1972a3,sao paulo,SP,16,16,827.43,292.1,51.71,3.66,8.23
a2e85714b56b1cb6bb24a9a6e6cad36f,miguelopolis,SP,2,3,339.7,40.74,113.23,1.0,
a2e874074c877c5a05abae80ad6e488f,sao jose do rio preto,SP,44,46,8071.98,1202.82,175.48,3.91,19.14
a2fa0bdc798ee84cdb08281337cf4fb6,florianopolis,SC,10,13,392.75,218.27,30.21,4.23,19.73
a3082f442524a1be452e3189e003b361,curitiba,SP,3,4,301.6,97.65,75.4,4.25,12.75
a35124e2d763d7ca3fbe3b97d143200f,sao paulo,SP,4,7,411.5,78.89,58.79,4.43,8.71
a353b1083c9863d756d9404695016d64,cariacica,ES,1,1,120.0,17.09,120.0,5.0,21.0
a35ef466c6fd6d052f5d241240d3c5e2,novo hamburgo,RS,3,3,569.9,79.65,189.97,4.67,12.0
a369d693961cb93b61ca2cc518872a85,sao jose do rio preto,SP,11,18,2597.0,616.79,144.28,4.11,10.44
a36ac007a4d18f865c8d32c3b2402c2d,barueri,SP,9,9,1359.78,177.19,151.09,2.56,9.75
a36b125ac6d5fdbc7f50de85c9157bdc,ribeirao preto,SP,24,26,1843.64,388.99,70.91,4.04,12.84
a37c340b91cb0169e8b029db6440fba2,sao paulo,SP,5,5,345.0,94.95,69.0,4.8,10.8
a3a38f4affed601eb87a97788c949667,joinville,SC,254,263,26533.32,5241.95,100.89,4.39,12.48
a3b0df0065e264a91b7bbf5f844af5cd,sao bernardo do capo,SP,2,2,186.69,32.06,93.35,5.0,13.5
a3b42d266fa8afc874b909422ce88582,orlandia,SP,1,6,839.4,81.84,139.9,5.0,3.0
a3dd39f583bc80bd8c5901c95878921e,salvador,BA,34,37,4607.81,804.35,124.54,4.59,12.35
a3e9a2c700480d9bb01fba070ba80a0e,ibitinga,SP,130,144,13440.8,2883.09,93.34,4.02,13.08
a3f0b55de503387383c7b1de3ad7f678,curitiba,PR,24,26,4348.4,1229.34,167.25,4.38,10.42
a3fa18b3f688ec0fca3eb8bfcbd2d5b3,são paulo,SP,1,2,47.8,36.46,23.9,5.0,14.0
a414555ce331b8c8aea4a9cb8395194d,sao paulo,SP,7,8,1450.95,242.64,181.37,3.57,7.63
a416b6a846a11724393025641d4edd5e,sao paulo,SP,162,181,25670.72,2999.8,141.83,4.16,12.6
a420f60ff1aa9acc80d0e42959f2b313,sao paulo,SP,67,69,7443.3,1099.97,107.87,3.93,11.19
a425f92c199eb576938df686728acd20,curitiba,PR,17,19,1165.8,308.95,61.36,4.37,17.22
a435b009cd956ea60748b5cfbddf2e24,franca,SP,3,3,361.18,45.21,120.39,4.33,30.33
a44fb5a447105f8469bdf16bf9159f25,porto alegre,RS,19,19,3706.1,586.61,195.06,4.05,14.16
a45314082d50d578a4721c9787ce09ab,mirassol,SP,2,2,424.9,29.02,212.45,5.0,5.0
a45765f8afb1e594b22bf9e974b46765,sao paulo,SP,1,1,79.99,8.93,79.99,4.0,5.0
a478c7961d6a992065b24e63b366f90b,blumenau,SC,8,9,1281.5,170.06,142.39,4.89,10.56
a49928bcdf77c55c6d6e05e09a9b4ca5,sao paulo,SP,98,106,8816.7,1757.55,83.18,2.95,16.77
a4b6b9b992b46e9ef863637af96e04bc,florianopolis,SC,7,14,7147.0,305.36,510.5,2.57,18.88
a4b8d97cd5d3674eeff96abc99d8ed67,sumare,SP,1,1,214.08,19.3,214.08,1.0,6.0
a4bd6e9adf39b63f43dc545d3ca1f53d,rio de janeiro,RJ,4,5,1848.59,112.38,369.72,4.6,9.8
a4e634166243bbb3a13fa584463fa468,osasco,SP,2,2,155.55,45.63,77.78,2.0,
a4fc6eadaff1576af888509a53420f6a,sao caetano do sul,SP,1,1,100.86,20.76,100.86,3.0,29.0
a513150f33f99a06569e9cd5c4bb889b,sao paulo,SP,2,2,677.0,34.25,338.5,4.5,9.5
a5259c149128e82c9d6d46e0c1c812bb,ji parana,RO,8,8,1182.26,438.87,147.78,3.88,19.38
a53f60f05f822b5c621a50ff6a5cb362,uberlandia,MG,4,6,415.4,129.13,69.23,2.6,13.0
a56a8043ebf66e42119618fb8cf232c6,joinville,SC,1,1,83.0,23.73,83.0,5.0,11.0
a56e351445e5863fc8960640ba9190c7,itajai,SC,3,4,760.92,65.06,190.23,4.25,9.5
a5a1bfcf728ab0e19182959cf0771ee4,socorro,SP,21,24,1812.96,347.89,75.54,4.29,13.58
a5bff0f43eb51f0cad7c37fac7244c8a,sao paulo,SP,4,5,445.0,96.27,89.0,4.8,15.8
a5cba26a62b8b4d0145b68b841e62e7f,campo mourao,PR,54,55,14737.84,1382.82,267.96,4.53,13.11
a5dd1946fb63ada8bcaa0c9cd8f11e22,caruaru,PE,6,7,219.62,206.71,31.37,3.86,18.71
a5ff20ff766e7f50bd5066f33da14413,sao paulo,SP,2,4,66.59,43.58,16.65,3.0,5.5
a61cc04793308395a840807104365121,jarinu,SP,1,1,14.63,23.74,14.63,5.0,8.0
a63bfbaa882c8f4542891b4e2246cc7f,niteroi,RJ,7,7,6772.0,264.19,967.43,4.43,11.67
a64e44665225d19dfc0277eeeaaccc57,sao paulo,SP,6,6,335.0,91.76,55.83,5.0,7.83
a663d9c3797e90eac99ff60939416a56,sao paulo,SP,1,1,235.0,14.08,235.0,5.0,5.0
a673821011d0cec28146ea42f5ab767f,sao paulo,SP,129,146,13863.69,2626.45,94.96,3.89,12.52
a67780aba9dd436e7ac0aa1f889e73ec,presidente prudente,SP,6,6,863.0,178.04,143.83,3.67,21.5
a69aa24cec11168e7e39a3fbc727e925,carapicuiba,SP,3,3,105.97,34.32,35.32,5.0,8.33
a6bd7d1ccdac48c6b33b28596b7eb122,mamanguape,PB,16,16,14368.61,678.02,898.04,3.33,15.53
a6fe7de3d16f6149ffe280349a8535a0,franca,SP,51,52,2904.8,742.62,55.86,4.0,14.75
a70e9066dbfd10b6b97a3f54a1356762,mandaguari,PR,2,4,1716.0,311.4,429.0,5.0,18.5
a72c2f59332659e361d647515c698798,flores da cunha,RS,5,6,802.9,131.03,133.82,4.83,10.0
a72f15980dc3e9bfd1a49ac9b2f3af65,marilia,SP,1,1,89.9,18.73,89.9,4.0,5.0
a7a9b880c49781da66651ccf4ba9ac38,itirapina,SP,3,4,307.6,65.47,76.9,3.75,9.0
a7b7354cc588f7566a848bcbb1ce3d96,sao paulo,SP,2,2,79.8,25.07,39.9,4.0,12.0
a7c53f6b3b61adbdaa99dda97e8cbd56,barretos,SP,1,1,99.0,11.3,99.0,4.0,7.0
a7c88262832dfc683781d6a421edefae,mogi das cruzes,SP,5,5,1520.0,82.42,304.0,4.2,11.4
a7d0f8dd44f57ef6de7f7f02e3d82630,sao paulo,SP,2,2,73.79,25.88,36.9,4.5,6.0
a7dc4098e4da6e41b426269d12ae7e91,sao paulo,SP,2,3,518.0,36.45,172.67,3.67,5.67
a7ecf689b40a44361e259b28939023e4,vila velha,ES,1,1,389.0,21.91,389.0,5.0,11.0
a7f13822ceb966b076af67121f87b063,itaquaquecetuba,SP,75,86,12477.64,3117.48,145.09,3.44,22.27
a806a4bb063ea7ca6d374eafa50a6058,serra,ES,5,6,294.4,110.87,49.07,3.83,12.5
a81466620e46a6970b22ef40379fdfc9,sao ludgero,SC,2,2,321.8,32.98,160.9,5.0,7.0
a8739afb32aaa45e01815ca76f76f54b,sao bernardo do campo,SP,13,15,298.83,264.73,19.92,3.47,9.53
a888faf2d1baececa6baf9c3d603ee1f,umuarama,PR,54,55,17765.8,1121.52,323.01,4.05,17.94
a89e143d5211473ae18db9577ee34b64,limeira,SP,2,2,140.0,19.68,70.0,3.0,9.0
a90a5da8b09e44264a177c0374a5ac87,ponta grossa,PR,3,3,74.7,72.6,24.9,4.33,9.67
a938325a4b357fd23a6a4d5bb126408e,nilopolis,RJ,24,25,3231.0,560.81,129.24,3.88,12.96
a9415cf907dfa12f9ed18693244f5329,prados,MG,1,2,210.0,175.42,105.0,5.0,11.0
a99504ac23ed125aaf5302af6cc30af9,batatais,SP,1,1,978.0,47.24,978.0,5.0,16.0
a9ae440659f48b7849df83e82734150b,santo andre,SP,1,1,285.0,27.02,285.0,5.0,13.0
a9b533a26e898b12e8b8d4c07279bf4d,rio de janeiro,RJ,4,4,119.6,71.46,29.9,5.0,15.0
aa17b35ce4de7b565be3249ba838944f,jundiai,SP,2,2,79.8,34.2,39.9,4.5,16.5
aa1eb17b9fdf6dfd546e25c45c7b9235,sao paulo,SP,3,4,117.99,36.27,29.5,4.5,6.75
aa2640d851ec322526f1295bbeb20092,sao paulo,SP,1,2,159.98,22.36,79.99,3.0,4.0
aa762680c40618316a896838866140ea,curitiba,PR,3,3,261.0,62.46,87.0,3.33,22.67
aa8af66c623d7d544dfe4bb85b5ebe3b,betim,MG,1,1,99.0,15.57,99.0,5.0,8.0
aac29b1b99776be73c3049939652091d,uberlandia,MG,98,138,6755.91,2709.61,48.96,3.94,14.32
aac51c486b672a9850d59f3e84b1cf88,sao paulo,SP,10,13,728.28,131.29,56.02,4.77,4.92
aadfe0417e61315688b6bd7043361e25,goiania,GO,1,1,289.9,14.28,289.9,4.0,6.0
aae3bfea055532c57fb453ed3ec80b30,santo andre,SP,48,50,3057.92,799.25,61.16,3.55,12.44
aae5953b9edddf14749c0d65d60eb4b9,belo horizonte,MG,2,2,173.0,29.9,86.5,5.0,12.5
aae5e7b457a3c72ee230a47d98fceda5,sao jose dos pinhas,PR,5,7,604.8,140.77,86.4,4.14,12.14
aaed1309374718fdd995ee4c58c9dfcd,timbo,SC,105,112,9376.95,2331.07,83.72,4.05,12.17
aafe36600ce604f205b86b5084d3d767,sao jose,SC,129,131,9251.4,2421.8,70.62,4.38,12.4
ab27bbbad5239bc31a34709275a70db4,tatui,SP,3,11,382.9,102.15,34.81,5.0,8.09
ab3e0c171fe84a7ba7de130f19cfb485,colorado,PR,7,10,863.42,172.28,86.34,3.2,20.0
ab75b89cc49c9ab3160d0c91565a442a,tupa,SP,2,2,37.98,15.85,18.99,1.5,9.0
ab91571efab27993ff2f6b36e38055c3,sao paulo,SP,3,4,102.24,56.69,25.56,4.75,15.25
ab9db4cf53b08b828b64dccaafc2d9f0,paraiso do sul,RS,5,5,277.67,125.76,55.53,4.2,11.5
aba1721a889e04decc910aa13b768ef4,sao paulo,SP,83,92,14103.3,1249.17,153.3,4.46,9.17
abbf6046bbdf1028606a5bc7f00c99e7,xanxere,SC,7,7,2217.15,175.99,316.74,4.14,11.5
abc015ebac1d283a323ca9db35ede4b9,ribeirao preto,SP,12,13,1106.8,222.85,85.14,4.38,11.08
abcd2cb37d46c2c8fb1bf071c859fc5b,cuiaba,MT,45,52,4880.22,1320.4,93.85,4.25,13.69
abe021b01ba992245271b9aa422032df,curitiba,PR,2,2,6720.0,117.24,3360.0,3.5,18.0
abe42c5d03695b4257b5c6cbf4e6784e,rio de janeiro,RJ,50,50,17159.0,999.23,343.18,3.92,14.29
ac137bac82ffa8548e62bd9d01d2a14f,sao paulo,SP,1,1,49.6,9.34,49.6,1.0,
ac1ed5fc15901fbc92920361eb4ab350,sao paulo,SP,1,1,110.25,13.79,110.25,1.0,
ac3508719a1d8f5b7614b798f70af136,canoas,RS,103,104,12775.84,3016.39,122.84,4.57,9.35
ac51cac5e20d69ff485a54746488ef48,ribeirao preto,SP,4,4,759.9,73.87,189.98,3.5,16.33
ac6417315ae5da8f9a38ee11de6f7780,aruja,SP,8,8,788.9,182.53,98.61,3.75,11.43
ac9b01377919cdbd2a1bbb8d5837c70b,mogi das cruzes,SP,1,1,55.9,23.54,55.9,3.0,10.0
acadd4d36859671cb635527c6c977533,santa rosa de viterbo,SP,12,12,2381.0,265.94,198.42,4.25,17.92
acb6c2ca5c82411c1fdb88d5fd5eb95e,sao paulo,SP,10,11,413.88,161.61,37.63,3.73,10.0
acce39e832338debb07b02385cde5967,contagem,MG,44,44,4748.1,1175.56,107.91,4.48,7.02
ace601496e211a664100321f038f50af,sao paulo,SP,1,1,165.0,14.92,165.0,2.0,
aced59e9b31ef866a94f9e7f29d8d418,sao paulo,SP,61,67,7268.5,1047.3,108.49,4.45,9.57
acf974e4d5950ad143a247471b831eb9,caxias do sul,RS,5,12,423.8,329.82,35.32,4.8,13.92
ad14615bdd492b01b0d97922e87cb87f,tubarao,SC,1,1,8.25,10.96,8.25,5.0,14.0
ad273c9eb54ecb4532de4bf75bae9e4e,curitiba,PR,10,11,645.0,184.75,58.64,3.82,12.0
ad420dd0c4f92f8af951ac24b86d0cf5,fronteira,MG,42,46,4705.29,913.11,102.29,4.16,14.57
ad738d3fcf42655ed15c4960b7b6c601,novo hamburgo,RS,1,1,65.0,15.89,65.0,1.0,
ad75519a07f039025e83795a4418470f,santa terezinha de goias,GO,3,9,302.1,115.82,33.57,3.22,8.78
ad781527c93d00d89a11eecd9dcad7c1,sao jose do rio preto,SP,44,44,6899.57,2379.69,156.81,3.07,25.42
ad87df7699e83b8a91822a4a0b765c3a,jaguariuna,SP,6,7,349.9,88.72,49.99,3.71,9.67
ad8ada0ffa993cb1197d102d9ab21a3e,araguari,MG,1,2,599.8,56.36,299.9,1.0,
ad8b531ae67582f096925cff5630d0d1,castro,PR,3,3,208.35,67.56,69.45,3.0,20.5
ad97a199236354e53fcd91a5a913e9a2,brusque,SC,17,18,13205.9,868.8,733.66,4.5,15.24
adbc26658d6c7b4b6219f9d934598091,curitiba,PR,88,92,11806.4,1885.85,128.33,4.05,17.05
adbe70ab2c97442046d393988c8d1d27,maua,SP,5,5,289.5,65.15,57.9,5.0,7.0
adcf50477d6a1f5d91bb9d54c4903cb5,claudio,MG,19,38,1425.14,798.66,37.5,3.13,24.45
ade45994b717ccee333492330fbf037b,umuarama,PR,10,10,7196.0,283.63,719.6,4.5,8.3
aded58c8142dedc5494a81f948431fab,rio de janeiro,RJ,4,5,289.5,89.98,57.9,3.2,8.0
ae45ad30c2d2e5913094769690a239d2,franca,SP,1,2,251.8,31.26,125.9,5.0,19.0
ae45df84722b1d15c5f32b23a095746c,sao paulo,SP,9,12,901.83,163.66,75.15,4.83,7.17
ae7ab174effdead6c241e547e4ca13f0,arapongas,PR,6,7,2778.6,795.46,396.94,3.86,9.86
ae8bfdbf1c2a2a2dee92d799db0a31c6,toledo,PR,8,8,339.92,146.22,42.49,4.13,9.13
ae9690c6e8fee182c28c9ff8e11ca52c,sao paulo,SP,1,1,47.4,12.41,47.4,5.0,5.0
aeb36d67f1414f234d42a29e27cf1f17,santo andre,SP,4,4,3263.8,284.3,815.95,4.5,19.75
aec99834ab5d38ead22766ada8497e87,colombo,PR,1,1,459.0,17.51,459.0,5.0,7.0
af3ef48d0e13835e529c29ac573c63e5,araraquara,SP,21,21,1405.63,467.5,66.93,3.76,7.95
af4a0e4cfe1d9c26b6712b1be25a72e5,mateus leme,MG,21,26,8757.98,593.62,336.85,3.5,12.77
af7cdac9d9897cddead9c6b08976c642,laranjal paulista,SP,6,6,543.54,150.47,90.59,3.67,15.0
afa6714acee029b2dfdf357e5579cc03,descalvado,SP,16,17,3220.76,382.82,189.46,4.06,12.59
afac9f6b0c4e5f0a7ee87e922cd0f873,bauru,SP,1,1,20.99,11.85,20.99,1.0,
afe0067131b73e40875c9b6c10bd2e21,lagoa da prata,MG,46,46,5130.4,1125.45,111.53,4.2,15.42
b00af24704019bd2e1b335e70ad11f7c,salvador,BA,1,1,189.0,18.25,189.0,5.0,15.0
b01c2b7b8599b325103ebcddc67413e1,venancio aires,RS,4,4,169.45,72.67,42.36,4.75,8.25
b026643914f651e8371425e5b8a1e780,rio de janeiro,RJ,1,1,27.9,15.1,27.9,5.0,10.0
b0398568231ba5e6734af1881671a317,colatina,ES,4,4,656.77,113.35,164.19,4.0,13.25
b05b432bf68945d4d9783f9e3ca29ee8,birigui,SP,2,2,224.8,26.09,112.4,4.5,5.5
b080809eaacb49e5ca07290981472431,belo horizonte,MG,11,11,424.0,143.4,38.55,4.82,10.45
b0b346d3a89f5eb4c2968af3f083cd43,campinas,SP,11,12,614.0,212.6,51.17,3.08,23.11
b0f2a6122a90a93eb03e68653dd960e3,curitiba,PR,6,7,1620.3,137.98,231.47,4.86,8.29
b1204cfda1d4948679db3cfc0d3cb95c,guarulhos,SP,7,11,2903.7,174.45,263.97,3.27,9.83
b127efdabeffb5d559349c7b172eb75d,sao paulo,SP,10,10,308.5,112.77,30.85,4.8,10.1
b12cfd255810394b60caef18ae163547,cascavel,PR,2,2,560.0,166.15,280.0,4.5,15.5
b14db04aa7881970e83ffa9426897925,sorocaba,SP,83,111,5898.6,2225.35,53.14,3.76,15.63
b16d3dadc47d4eb18be3d88bad0775ce,estancia velha,RS,10,11,722.1,178.44,65.65,4.36,6.55
b17b679f4f5ce2e03ce6968c62648246,ribeirao preto,SP,55,57,4084.75,1076.07,71.66,3.61,19.2
b18871c324516afa228a13e8f1ef0ae9,sao paulo,SP,9,23,1064.6,243.8,46.29,3.96,7.7
b18dc380845b24038cfc48006478f099,diadema,SP,44,54,8353.3,895.63,154.69,3.92,13.94
b19c48688808720822399ffa9f2dbe2f,sao paulo,SP,1,1,959.99,24.82,959.99,5.0,6.0
b19f3ca2ea475913750f25a5c37c8d8f,divinopolis,MG,24,24,6202.91,1346.64,258.45,2.79,18.37
b1a81260566c1bac3114a6d124413f27,carazinho,RS,51,54,8684.69,1565.51,160.83,4.22,8.52
b1aaae6b66ad3c40f54b389d7ea4bee0,sao paulo,SP,15,17,1176.5,392.74,69.21,4.47,8.24
b1ac6ea7895bc3dd6f0f6f4abbdd2821,canoas,RS,40,41,3139.0,825.33,76.56,4.27,10.11
b1b3948701c5c72445495bd161b83a4c,sao paulo,SP,18,18,24699.19,486.3,1372.18,1.72,23.36
b1fc4f64df5a0e8b6913ab38803c57a9,sao goncalo,RJ,107,121,7994.74,2146.25,66.07,3.78,15.6
b1fecf4da1fa2689bccffa0121953643,campo grande,MS,19,20,3669.64,397.08,183.48,4.95,10.7
b2479f944e1b90cf8a5de1bbfde284d6,ibitinga,SP,103,131,4752.51,2239.71,36.28,3.32,15.33
b248792ac0b60ec3f93d80af1b4fae47,sao caetano do sul,SP,7,9,454.5,153.85,50.5,3.78,6.22
b26741d31a563d769b4af0465ab20c56,florianopolis,SC,2,2,648.0,47.03,324.0,4.0,13.0
b274baf5bbd142410eb2958cf685d684,montenegro,RS,7,7,585.9,148.67,83.7,4.29,6.14
b29d3380981c51df13fc6fbe87e1763d,ribeirao preto,SP,6,7,435.3,98.58,62.19,4.0,8.0
b2a6d334e2833acea353624840e25a0e,sao paulo,SP,25,26,1650.98,387.61,63.5,4.5,10.54
b2ac621f0d0322434d04a12b078b9369,curitiba,PR,30,30,9575.5,781.39,319.18,4.4,14.63
b2ba3715d723d245138f291a6fe42594,sao paulo,SP,337,363,51676.88,6496.14,142.36,4.11,13.94
b2bdc5e7940a7d7ca8c4a37953b27a42,vargem grande do sul,SP,1,1,250.0,62.49,250.0,4.5,
b2c97074649f92197d9387d9033dda5f,botucatu,SP,10,11,684.71,279.37,62.25,4.64,12.09
b2eecf5ea250510da76590ca79d60e5d,sao paulo,SP,9,11,1060.0,153.15,96.36,5.0,6.09
b2f4d63c7203f539a78252565ca32257,armacao dos buzios,RJ,1,1,14.9,20.84,14.9,5.0,13.0
b32be1695eb7ec5f10f72d9610a12527,caxias do sul,RS,45,46,26874.0,2957.02,584.22,4.09,12.24
b335c59ab742f751a85db9c411a86739,araguari,MG,33,35,2873.34,607.38,82.1,3.69,16.74
b33aaadd1a8891d2dfef0c4c3bdf0371,limeira,SP,16,17,1504.0,359.04,88.47,3.76,13.47
b33e7c55446eabf8fe1a42d037ac7d6d,pradopolis,SP,152,155,44985.17,2725.07,290.23,4.15,16.33
b347677812ea483b0f528eaf8cbc09b7,curitiba,PR,21,21,7288.99,762.35,347.09,4.52,13.14
b372ee768ed69e46ca8cdbd267aa7a38,sao jose do rio preto,SP,63,69,12630.0,1183.84,183.04,4.4,12.22
b37c4c02bda3161a7546a4e6d222d5b2,sao paulo,SP,4,15,24075.0,412.6,1605.0,1.4,17.0
b3809b8d4394588a47c8470ea331e135,sao paulo,SP,1,1,89.0,7.88,89.0,4.0,5.0
b39d7fe263ef469605dbb32608aee0af,ibitinga,SP,44,49,5193.1,1062.67,105.98,3.75,13.15
b3b17aab11f273023a5f22ca52e1eb70,londrina,PR,7,13,6850.0,475.35,526.92,4.85,17.15
b3e2faf2c1004d674f16a3aa3197f0e1,ribeirao preto,SP,3,3,61.47,33.77,20.49,5.0,7.0
b3f19518fcec265b2e97af287725f981,tanabi,SP,9,9,486.91,137.57,54.1,4.22,10.5
b410bdd36d5db7a65dcd42b7ead933b8,goiania,GO,44,44,7726.9,1006.71,175.61,4.66,9.12
b416191c9813d821a295cfabafff4161,franca,SP,2,2,117.8,32.34,58.9,2.5,19.0
b43d8b707f887a30f4675391098354a0,ipira,SP,3,4,1342.0,184.76,335.5,2.5,20.25
b44dbfbf62e52125f3c15d230569ea91,sao paulo,SP,4,8,609.37,89.69,76.17,4.38,4.38
b452cb0ae35044c4a53179c39f49fb06,sorocaba,SP,2,2,63.7,38.29,31.85,4.0,16.5
b45d7ebfb7378630f1bcd74b6ff86ff7,belo horizonte,MG,5,5,1007.5,102.51,201.5,3.8,29.67
b494891378bd8f4560abe576c52deacd,sao paulo,SP,20,22,2958.9,311.92,134.5,4.64,5.14
b499c00f28f4b7069ff6550af8c1348a,limeira,SP,152,187,10327.13,2577.95,55.23,4.14,10.77
b4a476fbd28de64b1e347abf9089366a,itapevi,SP,33,38,5724.04,1011.91,150.63,3.76,11.97
b4b447d715f9ab302a188fb43d3e96b3,sao paulo,SP,5,5,685.93,93.73,137.19,4.8,3.6
b4f8921fcc4ff77b66bea6dda43dcd51,caxias do sul,RS,18,20,11395.05,1468.36,569.75,4.6,7.5
b4ffb71f0cb1b1c3d63fad021ecf93e1,sao paulo,SP,144,165,6656.09,2519.98,40.34,4.02,9.63
b55638ad525e906c698fa2ce742c1742,imbituba,SC,11,12,1094.8,290.87,91.23,4.17,22.58
b561927807645834b59ef0d16ba55a24,sao paulo,SP,85,95,4501.99,1305.04,47.39,4.34,12.44
b566ab0ef88016e00422755e305103c6,extrema,MG,5,5,1208.0,220.22,241.6,3.2,13.0
b56828a9f9027f3c918c04ca720d9e3c,praia grande,SP,3,3,360.0,111.61,120.0,2.67,16.67
b56906f7fd1696e043f1bcce164c487b,echapora,SP,40,42,2148.49,846.93,51.15,3.95,13.48
b57e8460909fa137df7951b4a3b5ea84,porto alegre,RS,1,2,198.0,84.14,99.0,2.0,
b586cd24c010a13916af621b0325fbba,rio do sul,SC,6,7,1108.94,263.99,158.42,3.86,5.29
b5abf4f36adc043117b4fca82c22984c,brasilia,DF,11,12,1247.8,283.99,103.98,2.42,21.0
b5b800c4065bebf4d3442311c9857344,sao paulo,SP,1,1,79.9,8.91,79.9,5.0,6.0
b5bb2b985208834bd5bd86c7a402bbad,venancio aires,RS,2,2,621.06,38.66,310.53,5.0,11.5
b5d034ac251546e25afe9067f05c1539,itapecerica da serra,SP,1,1,69.9,15.37,69.9,5.0,12.0
b5dd7151a92ccaaa282cbe9681a05f44,ribeirao preto,SP,1,1,85.0,18.7,85.0,5.0,13.0
b5e3e38609125694d2ea2417522a60b7,florianopolis,SC,16,17,995.04,301.14,58.53,4.35,17.76
b5f0712d22a873b6797ab6cc65c3fcba,sao paulo,SP,1,1,12.99,8.29,12.99,4.0,3.0
b5f49fe968dff6b112861e6cd8e192ef,curitiba,PR,1,2,194.7,42.97,97.35,5.0,14.0
b64d51f0435e884e8de603b1655155ae,garulhos,SP,17,23,416.18,357.36,18.09,4.13,7.83
b67d6c666e8dce1d078c882825e12704,sao paulo,SP,7,8,352.84,104.19,44.11,4.88,7.88
b6c6854d4d92a5f6f46be8869da3fa1a,sao paulo,SP,1,1,69.9,17.92,69.9,1.0,
b6d44737c043328708f6749c2dbe50bd,santo andre,SP,62,80,5369.6,1565.6,67.12,4.53,7.86
b6dc74ed30f124f95227bed4e43a3bed,arapongas,PR,11,13,518.96,228.63,39.92,3.85,17.7
b6e1504972665f739dec4facb9943775,piracicaba,SP,14,14,1484.48,225.89,106.03,4.36,11.0
b6f52e346160519c24a23af05410ad32,sao paulo,SP,1,1,129.9,13.35,129.9,4.0,12.0
b74d1c09cb380e1d03a6f859c6f4224b,rio de janeiro,RJ,31,39,2221.6,831.6,56.96,4.21,11.47
b76a1f8356322f12529c37b67d5c96c2,santos,SP,5,5,298.5,56.39,59.7,4.8,7.4
b76dba6c951ab00dc4edf0a1aa88037e,sao paulo,SP,159,169,2574.78,2307.1,15.24,4.15,10.26
b76f4d90e85657a240495c876313adc5,hortolandia,SP,1,1,299.0,19.3,299.0,5.0,3.0
b77a27b1864483e721dc831d5ba4afa0,duque de caxias,RJ,2,2,41.8,28.62,20.9,3.5,8.0
b7ba853e9551f4558440881fd3e5c815,santo antonio da patrulha,RS,2,2,376.8,37.99,188.4,1.0,35.0
b7cc6c5e001441ae8cdd5c69a480cbe4,curitibanos,SC,6,6,651.8,220.5,108.63,4.17,12.8
b7d5b4b87af9d42b601865d3f3810bff,florianopolis,SC,2,2,1049.0,41.02,524.5,2.0,9.0
b7e1750c1157341d2abd0251e07c186b,sao paulo,SP,3,4,159.6,60.96,39.9,4.5,9.5
b7ed9fb14c8eadb37adb9c45d67ab0fb,jacarei,SP,7,11,566.0,221.75,51.45,2.91,13.18
b8114f2f589a6804810f04f99b36b498,sao bernardo do campo,SP,8,11,1399.62,292.41,127.24,4.73,5.36
b81e3a6c866a764974fe849821abeebd,maua,SP,8,11,836.15,216.86,76.01,4.55,5.82
b839e41795b7f3ad94cc2014a52f6796,sao caetano do sul,SP,33,36,42829.0,920.93,1189.69,4.03,6.83
b83cedfb587e7911540e3f576d6917ce,sao paulo,SP,24,25,2224.95,343.8,89.0,4.24,9.92
b8555308bfdb4ca1ed54325a58da9a97,sao bernardo do campo,SP,26,28,3047.2,582.83,108.83,4.07,10.29
b8578d2d823bd8e251f6fdd02b40902d,blumenau,SC,9,9,1255.6,244.0,139.51,4.44,9.89
b8630e1121437d41cb08e3c749c2c2e2,duque de caxias,RJ,12,12,6988.0,346.1,582.33,4.33,10.92
b86a47b3366e3b5424a7b225781f4908,passos,MG,1,1,86.5,19.85,86.5,3.0,14.0
b87a7ea0c30fad2dd6781b74a0064859,sao paulo,SP,9,9,515.4,122.35,57.27,3.44,15.11
b88e7c57cb2d8b973b7dd4a2bfa14b36,curitiba,PR,4,4,353.9,65.77,88.48,4.25,9.25
b8a0adc91af209270c2c725168eb00fd,ibitinga,SP,6,6,281.4,107.09,46.9,4.0,11.0
b8bc237ba3788b23da09c0f1f3a3288c,itajai,SC,45,47,13685.71,1935.45,291.19,4.35,11.77
b8d890108a7a80e4f5d59eea9f362438,curitiba,PR,2,3,89.7,34.59,29.9,3.33,11.33
b906dd0e57f282c7089171b6ed07982e,parana,PR,2,2,175.0,35.75,87.5,4.0,7.0
b90e891671cffd9557f33a97dc523645,sao jose dos pinhais,PR,34,39,4449.0,632.31,114.08,4.13,7.51
b92e3c8f9738272ff7c59e111e108d7c,uba,MG,62,70,8231.09,2414.21,117.59,4.06,16.21
b94cc9f10ddc85e4ba73a6f7974e7101,macae,RJ,39,39,25346.1,1022.39,649.9,4.3,10.46
b98b715fe9e276204e2a3464f48cd796,sao paulo,SP,6,6,450.58,67.04,75.1,3.33,11.75
b9a03475e6447e631b6799ec8274800f,formosa do oeste,PR,10,11,1349.1,294.98,122.65,4.27,10.64
b9c0ffa92f3ff9a5a3d45ef7213c0842,sao paulo,SP,3,3,490.0,82.17,163.33,5.0,21.0
b9ca8e8baa5d4aa038394a700f63e69f,sao paulo,SP,14,14,1289.77,388.18,92.13,4.21,9.64
b9de031b671cd48b28fae9d828cbf2b4,sao paulo,SP,1,1,155.32,43.37,155.32,5.0,9.0
b9ec22de23f18567de0e09d776ca0309,brasilia,DF,2,2,341.98,40.49,170.99,5.0,6.5
ba143b05f0110f0dc71ad71b4466ce92,sao paulo,SP,85,86,6110.58,1343.01,71.05,4.42,10.2
ba5daa4041e1f15cdf34b76e3e18a450,sao paulo,SP,15,15,806.8,152.55,53.79,4.27,5.6
ba6b4a237f92479743cf0ca06b67a9ac,rio de janeiro,RJ,8,8,801.89,111.82,100.24,4.25,12.38
ba6b68b55fe8704377a7d43c8e5c0185,belo horizonte,MG,5,5,739.77,92.45,147.95,4.2,10.6
ba6ce6de456f6c11d08c17701ba5c26f,sorocaba,SP,6,7,744.35,130.16,106.34,3.71,12.0
ba89796db68db180bd389de96b2ff3b6,sao paulo,SP,2,2,309.8,43.46,154.9,5.0,8.5
ba8e85df286308fe68a2ce83a8f8b2d6,santa catarina,SC,1,1,80.9,16.76,80.9,5.0,10.0
ba90964cff9b9e0e6f32b23b82465f7b,guarulhos,SP,38,38,44212.5,1311.0,1163.49,4.42,9.97
baa49d93c8c8841e27400a300f5d74b2,sao jose,SC,6,6,246.4,88.02,41.07,4.5,12.17
bab0a8cd684e41ba6e2637dca0979d3b,rio de janeiro,RJ,1,1,269.9,19.14,269.9,5.0,13.0
babcc0ab201e4c60188427cae51a5b8b,porto ferreira,SP,1,1,79.0,14.13,79.0,5.0,8.0
bac44fa8e13424950488659b5f765c41,sao paulo,SP,1,1,19.9,14.52,19.9,5.0,9.0
bac692d6c0ed08467878018e6cc9c26c,blumenau,SC,1,3,477.0,82.23,159.0,4.0,7.0
bacb1f0ed56ad24198f5810d2b3fe9a5,jacarei,SP,42,42,6940.45,892.94,165.25,4.08,9.76
baeda7047354773262ba2405f97038ba,americana,SP,1,1,35.0,15.1,35.0,5.0,23.0
baf15155e37ef5492731459bdc05be8a,sao paulo,SP,1,1,47.0,8.72,47.0,5.0,33.0
bafc5aa11e413978be29040f51342e70,belo horizonte,MG,9,9,1679.55,149.92,186.62,3.78,13.11
bb135baca94c82fcb731335ad5b04a03,sao paulo,SP,18,38,1049.8,472.88,27.63,2.66,7.87
bb2afe2061d53c6968aa0cffa233a8ec,sao paulo,SP,5,6,549.4,94.62,91.57,4.83,4.67
bb3dca718920a4d7ec3cc9ffb025108b,sao paulo,SP,2,3,108.0,93.7,36.0,2.33,10.67
bb5bd94c8f59cc050072d2930c869cac,sao paulo,SP,16,17,2543.87,302.77,149.64,4.24,14.82
bb5d956dece964a06c12bceb66b923ae,rio de janeiro,RJ,2,2,1278.36,50.14,639.18,5.0,10.0
bb7a14e229b1c95156719c3d9552eeee,rio de janeiro,RJ,11,11,3190.1,329.35,290.01,4.18,11.4
bb7ad8a45c027be8ab075b8e465f8ca0,floranopolis,SC,2,2,19.98,32.64,9.99,5.0,6.0
bba3293d6f5d5af2f415e004e8b93ae3,sao paulo,SP,17,17,11702.1,326.69,688.36,4.29,12.12
bba74270a87732727b5a3b4fd9ac1c39,betim,MG,36,41,6001.59,758.85,146.38,3.8,9.15
bba8d0c234a52b87b3957037a215d1a4,goiania,GO,1,1,120.0,19.53,120.0,5.0,24.0
bbad7e518d7af88a0897397ffdca1979,sao paulo,SP,69,85,4462.22,1338.2,52.5,3.04,15.17
bbaff50f3b708fda865918715276cd87,atibaia,SP,12,16,449.7,202.07,28.11,4.81,8.5
bbd3acfe6de99892e73940d3fdceaf68,santo andre,SP,2,2,69.0,24.55,34.5,3.0,3.0
bbe87dce25ba8b38bb61cc7210a3f10b,sao joao da boa vista,SP,2,2,287.0,68.39,143.5,5.0,6.0
bbf4a892cac7b82422baa711dffb8997,curitiba,PR,1,1,70.0,35.34,70.0,5.0,3.0
bbf9ad41dca6603e614efcdad7aab8c4,fortaleza,CE,14,14,7846.0,776.26,560.43,4.5,13.93
bc07d855eac23aab5ac8a120f21d16b2,mogi das cruzes,SP,12,13,1283.11,213.07,98.7,4.15,12.67
bc2ac6b95e1accce9858528ee566c17e,campinas,SP,18,22,2045.0,234.56,92.95,4.64,4.73
bc302730ea8cf49b5c74f579febb5bbf,campinas,SP,11,11,2640.9,289.27,240.08,3.82,11.09
bc30de0d71bd6260b936a026b5cf7200,pedreira,SP,3,3,392.37,90.48,130.79,4.67,12.0
bc39d8938f90a3a2b98193723ed59774,cajamar,SP,2,2,306.8,22.31,153.4,4.0,4.5
bc47d5d1490df2b36add65d733eafaba,santo andre,SP,24,25,1004.8,415.11,40.19,3.28,13.27
bc503e244f187939d10c92a5c8e378ce,birigui,SP,7,16,637.67,222.13,39.85,3.75,9.85
bc8c8d665ec4664d286be0d521722b19,sao paulo,SP,1,1,22.5,8.32,22.5,2.0,8.0
bca9230d3bbb4efa51872bf605a2f1ad,sao paulo,SP,5,5,117.57,50.63,23.51,4.0,7.0
bcc9dd23e2a8bd8267cf92b19304a1b9,ibitinga,SP,3,3,202.79,43.43,67.6,2.33,22.67
bccf933e006e9b94a6184af782963e77,assis,SP,45,46,4162.74,884.47,90.49,4.53,11.5
bcd2d7510d58e293f20fad6438c1b314,curitiba,PR,1,1,23.9,15.56,23.9,,33.0
bce6a5ecf98e99fd2a8868b15c51f04b,guarulhos,SP,14,15,3464.9,241.6,230.99,4.13,11.2
bcf5566870987da7bc811fbc8c5b9fd9,sao paulo,SP,1,4,96.0,31.12,24.0,1.0,
bd0389da23d89b726abf911cccc54596,brasilia,DF,87,90,7472.16,1656.31,83.02,4.2,13.39
bd0a1b0aadca9a83d9304f7e8ff5fbd5,sao paulo,SP,4,4,150.6,54.59,37.65,4.5,5.75
bd149ed516d4c5d418d5781f8e18919f,guarulhos,SP,8,9,414.0,141.94,46.0,4.89,9.0
bd15ee794d5e640d9dd71b665b2ab15b,ribeirao preto,SP,12,12,374.8,219.33,31.23,4.0,14.42
bd1d49a326abfa9b1036772e40445430,bauru,SP,12,13,637.7,188.5,49.05,3.85,11.92
bd23da7354813347129d751591d1a6e2,sao paulo,SP,89,90,10544.3,1466.83,117.16,4.02,9.78
bd43e172d599bed47a85da877172ca8c,sao bento do sul,SC,1,1,23.92,18.27,23.92,5.0,13.0
bd4431c1a8dfa744b59e1e2a8bc99b9e,rio de janeiro,RJ,7,7,809.5,204.09,115.64,4.57,7.0
bd4889b5e9133b35b66e42a8665cea5c,sao paulo,SP,36,42,6271.9,984.64,149.33,4.46,10.12
bd4ff04377f974574f7f0bf9d6ce7dde,santa maria da serra,SP,4,4,164.96,50.14,41.24,3.5,22.0
bd65d163ded559eb90a10cd09fec178f,sao paulo,SP,1,2,19.8,18.68,9.9,4.0,4.0
bd697db56ff8e7c9cd1abeb7f72029b2,sao paulo,SP,22,22,3069.78,345.42,139.54,4.18,10.81
bdae679a9b282249bc23b9b69dae9a99,brasilia,DF,6,12,663.15,188.83,55.26,3.5,8.08
bdb3edbaee43a761e2d4f258dc08f348,lencois paulista,SP,5,5,259.5,68.86,51.9,3.8,12.2
bdf0d02d36a1d839d0c39c4a887cdd49,birigui,SP,5,7,120.0,95.95,17.14,5.0,7.86
be1e9e378700cecaa4ebf71433d7915c,ribeirao preto,SP,2,2,119.89,37.62,59.95,3.0,48.0
be3b4b0f050a6aa1b2d901c4b77e979f,imbituva,PR,3,8,578.2,155.52,72.28,2.75,7.38
be67f78487e2cecb0d55bc769709e4f5,ibirite,MG,1,1,102.0,23.64,102.0,5.0,10.0
be7a093e5b4d147b36b72bb1f9e415e5,toledo,PR,1,1,60.9,22.36,60.9,5.0,5.0
be8e909810184b9b19e886129149d8e5,piracicaba,SP,15,15,629.85,216.23,41.99,3.73,15.2
be9a160a9011f627c3e121d076c1ec7b,jaragua do sul,SC,7,7,2934.0,248.52,419.14,3.57,14.8
beadbee30901a7f61d031b6b686095ad,guarulhos,SP,64,68,4373.98,937.54,64.32,3.94,13.47
bec568278124768c474ee90971ca94d1,sao paulo,SP,2,2,219.9,29.16,109.95,4.5,3.5
bede56095ba33c42038fb85f707b8a42,valinhos,SP,2,2,3973.9,210.87,1986.95,4.5,12.5
bee36b4f9a2b9fdcaff6ec05df202ed0,sao paulo,SP,2,2,33.8,19.68,16.9,3.0,14.0
bf00385a5f7fc1ef39a13c2e9ee50a5f,sao paulo,SP,29,29,870.3,342.73,30.01,4.31,5.71
bf0045791395e66460eb04749c68672a,sao paulo,SP,2,2,119.8,35.45,59.9,4.0,14.5
bf0d50a6410d487dc97d2baac0a8c0be,piracicaba,SP,1,1,27.9,9.26,27.9,2.0,
bf100ecb7997df312b285358fb32f92c,sao jose dos pinhais,PR,20,21,1991.9,345.11,94.85,4.37,9.71
bf3c6d2a28b2b5501e6c15448982dcc9,sao paulo,SP,35,43,3956.5,691.65,92.01,4.42,10.51
bf84056e679dbe9c69929847a40e338f,sao paulo,SP,36,40,2024.04,453.28,50.6,3.73,12.18
bf961104a38e01b9062ee026bb657dee,ribeirao preto,SP,4,4,585.56,79.9,146.39,4.5,9.25
bfd27a966d91cfaafdb25d076585f0da,serra negra,SP,117,118,19921.0,2724.05,168.82,4.28,12.35
bfd938b22bc99bce1ae60dc602889f52,rio de janeiro,RJ,6,12,922.8,195.46,76.9,3.08,11.5
bff9deb0ec77d437f3305a79cf25529e,limeira,SP,5,5,161.95,80.79,32.39,4.0,6.8
c003204e1ab016dfa150abc119207b24,cajamar,SP,197,202,25108.09,4742.8,124.3,4.42,9.63
c00396cbdd2e088fe4281baa5920aef1,campo magro,PR,1,3,832.41,73.44,277.47,5.0,12.0
c004e5ea15737026cecaee0447e00b75,sao paulo,SP,2,2,4700.0,174.32,2350.0,1.0,33.0
c0098efcf800861dcae589affca31408,ribeirao preto,SP,9,9,1189.28,187.46,132.14,4.78,11.33
c013e57c075a06e5b5c48ee03c525719,sao carlos,SP,42,45,1971.55,857.11,43.81,4.16,9.33
c026ef0d72e9132d9fa112308090c8dc,rio de janeiro,RJ,1,1,520.0,37.72,520.0,4.0,11.0
c03121937e54a93fcc1825c3098bbb6e,curitiba,PR,7,7,1043.0,154.94,149.0,5.0,11.29
c04d70d515d15a7e3db3a73320598566,niteroi,RJ,3,4,158.2,56.62,39.55,5.0,7.25
c0563dd588b775f2e37747ef6ad6c92c,santo andre,SP,28,28,3697.2,397.48,132.04,4.36,10.75
c092292535a57dacd95a8765f5518f87,paracambi,RJ,1,1,125.0,18.98,125.0,5.0,8.0
c0aff2da32c17759d30b22fb0af6649d,florianopolis,SC,4,5,188.8,83.53,37.76,3.8,7.8
c0e0b73d039eb9a99b6ce4cb7a429cd3,laurentino,SC,1,1,29.88,7.68,29.88,5.0,5.0
c0e6839516f5398edc34adf5f1d53d1a,guaruja,SP,3,3,432.92,87.92,144.31,2.67,5.0
c0f3eea2e14555b6faeea3dd58c1b1c3,sao paulo,SP,1,1,79.99,15.66,79.99,5.0,5.0
c0f783394e37cd9c9d7f5f81141450fa,piracicaba,SP,6,6,249.4,87.35,41.57,3.6,13.17
c113b8df1fc375bc3d73d29c1b1144d1,sao paulo,SP,3,5,333.0,67.87,66.6,4.2,6.6
c12b92bf1c350f3e6bf88d3596219c86,garca,SP,17,17,4808.78,444.06,282.87,3.88,10.71
c12d7463a579237ffb9248bd7cff378b,sao paulo,SP,1,1,25.9,8.72,25.9,4.0,11.0
c13ef0cfbe42f190780f621ce81f2234,sao paulo sp,SP,1,1,390.0,61.28,390.0,3.0,28.0
c13fb473e7cb8b83ccd543c094df0608,sao paulo,SP,2,2,54.8,28.72,27.4,3.5,13.0
c1552b1dab6e6f760950368ae61fb600,sao jose dos campos,SP,2,2,53.8,14.89,26.9,2.5,5.0
c157bdeedcbc9a8e3c8bf0d87ff24428,mairinque,SP,7,10,514.27,208.7,51.43,4.5,12.9
c161d1327ebc3a156c09582ab2f59f6c,sao paulo,SP,3,3,52.99,23.34,17.66,3.0,3.5
c18309219e789960add0b2255ca4b091,rio de janeiro,RJ,1,1,9.9,14.1,9.9,5.0,14.0
c1849d4d32d7a6cecd5aa471809d3135,santo andre,SP,3,3,388.98,41.73,129.66,4.33,5.33
c1d1ebb4745cc43cb6f05e9c8a705c9a,sao paulo,SP,3,3,34.5,42.67,11.5,2.33,27.0
c1dde11f12d05c478f5de2d7319ad3b2,sao paulo,SP,1,1,12.5,7.39,12.5,1.0,3.0
c1ed9e3daf6154542826a6996af0fb8c,itajai,SC,9,17,971.25,329.39,57.13,4.41,18.0
c1f12f926d0ba950578b4fa41115cbb6,sao paulo,SP,2,4,479.6,76.96,119.9,4.5,25.25
c200c73f9d7e5a08ca439d6a0803da7c,almirante tamandare,PR,1,2,40.0,28.2,20.0,1.0,
c240c4061717ac1806ae6ee72be3533b,rio de janeiro,RJ,1,1,59.9,13.99,59.9,4.0,6.0
c24173065483e421f9e5e7f599de101d,sao paulo,SP,9,9,373.91,117.3,41.55,3.56,15.67
c26a2be5b53b7db6b276280da212a779,nova friburgo,RJ,13,18,7482.0,806.85,415.67,2.72,13.5
c26ba52cf8d2f34915f2f6b7ffa0a3f3,rio de janeiro,RJ,4,4,125.96,46.69,31.49,4.0,8.0
c273175f7c6c80fb02f051e2fc6d0d72,sao paulo,SP,14,14,1188.23,255.22,84.87,3.79,10.64
c286ec035ee04ba81c97508f0b5df544,curitiba,PR,2,2,493.0,72.9,246.5,2.5,15.0
c2bda99904207edd1834f03e0022b007,sao paulo,SP,2,2,79.8,21.88,39.9,2.5,12.0
c2d70ce2c5d0a2eb75e78668236e6dc8,sao paulo,SP,13,15,2470.9,229.02,164.73,4.67,8.07
c31eff8334d6b3047ed34bebd4d62c36,salto,SP,122,123,13191.5,2394.55,107.25,3.85,12.71
c3251e13f1bbda6c74e37c160f991e19,porto ferreira,SP,2,2,437.8,75.28,218.9,5.0,13.5
c32fc744b9160ac853450488e3cfea93,ribeirao preto,SP,3,3,185.7,37.82,61.9,2.33,15.5
c33847515fa6305ce6feb1e818569f13,brusque,SC,114,128,15519.85,4374.41,121.25,3.72,9.49
c33a5c3c983090c8b78a28e65052a20d,criciuma,SC,9,9,629.1,145.06,69.9,4.22,11.5
c353f8fc0ce8344999f17d578eb69a5e,porto alegre,RS,2,2,175.98,36.59,87.99,5.0,10.0
c35672b10ad50968f567ea3f4b91e877,mesquita,RJ,18,22,1150.57,364.78,52.3,4.45,10.05
c35affa65afd250151285c5917fc1c8a,sao paluo,SP,9,9,5279.91,714.01,586.66,4.0,17.13
c360e4787614ed31ac7a2f95d3b22dc6,lencois paulista,SP,1,1,188.9,30.05,188.9,2.0,13.0
c37b2059d4f90d4feead554e5246565e,sao paulo,SP,12,16,839.3,221.98,52.46,3.75,19.88
c3867b4666c7d76867627c2f7fb22e21,guara,SP,245,259,37153.4,5043.78,143.45,3.84,15.14
c394e193cda3b4225ff2094d32184849,sao paulo,SP,3,12,3419.88,191.56,284.99,4.67,13.55
c398bc00a606d33758afd91f4e64fd15,rio de janeiro,RJ,2,2,150.0,15.5,75.0,4.5,4.0
c3aad7dc65449ae90a5e9c3c6c1e78e0,auriflama/sp,SP,6,6,510.0,130.36,85.0,4.67,7.33
c3acdfac4e3e97ff87529454fbc03642,sao paulo,SP,12,12,16788.0,269.28,1399.0,4.25,10.92
c3cfdc648177fdbbbb35635a37472c53,curitiba,PR,278,307,43048.18,6079.63,140.22,4.45,9.65
c3e1abd72a42fe690fcd89cf5720fe29,mogi guacu,SP,13,13,1798.61,168.97,138.35,4.46,4.23
c3e2398fcc7e581cda2e546557bf6968,sao paulo,SP,1,1,14.9,15.23,14.9,5.0,12.0
c3ee2331a724e6fc02c4b698b57a73f3,sao paulo,SP,2,3,1347.0,140.88,449.0,3.0,6.0
c3f5668699a1b04c0fa61ecea1e2bff6,apucarana,PR,3,3,407.81,107.12,135.94,5.0,12.0
c3fe93ba3085f92855c97e57f38c8c05,curitiba,PR,7,7,245.0,113.97,35.0,5.0,13.17
c42fd8e4d47dfb18ce5222f2dd7752f9,osasco,SP,7,11,466.99,161.64,42.45,4.0,34.36
c43d924a0f1688ee9fae0efcd6f539d4,rio de janeiro,RJ,1,1,29.9,15.11,29.9,4.0,22.0
c447f8dd3ed213f291d65ef074a268eb,assis,SP,7,8,655.0,122.23,81.88,3.88,12.63
c458e2045a8aa8964f8879af03fdcce6,sao caetano do sul,SP,4,9,494.91,196.79,54.99,3.11,15.67
c4af86330efa7a2620772227d2d670c9,mogi das cruzes,SP,4,4,5396.0,364.96,1349.0,4.33,15.25
c4b911d06343b21dd906651f8101cb49,vera cruz,SP,2,2,90.98,50.35,45.49,1.0,
c4d51195486dc781531876a7d00453d8,presidente prudente,SP,17,17,11468.98,569.37,674.65,3.94,23.65
c4f7fee5b0db50e87766f5a4d1b1b758,sorocaba,SP,8,9,11961.83,571.77,1329.09,2.67,11.8
c4fabeea6e569d42d02993bb1f4f1cbc,fortaleza,CE,11,11,859.3,277.22,78.12,4.0,21.64
c4fb51fb1c5b7c07bc5e67be6e7e8f6e,curitiba,PR,15,16,1567.9,558.71,97.99,3.5,15.69
c500367424994318b9e779ff1ae9a330,paulinia,SP,9,9,4346.4,311.99,482.93,3.78,16.56
c510bc1718f0f2961eaa42a23330681a,indaiatuba,SP,13,13,12251.0,960.87,942.38,4.0,6.75
c522be04e020c1e7b79f3acff36513d5,santana de parnaiba,SP,7,7,739.93,98.37,105.7,3.57,15.5
c52c644cc0dc85121207a27013efc6af,tiradentes,MG,1,2,397.8,283.16,198.9,5.0,7.0
c53bcd3be457a342a97e39e5a9f0be22,neopolis,SE,5,5,509.5,186.09,101.9,3.2,12.4
c542f5a8c64d973f30e9df8d06f70b4a,sao paulo,SP,1,1,81.0,17.31,81.0,1.0,
c54679b132454625907c773d273d4126,guaruja,SP,7,8,1032.0,107.93,129.0,4.88,6.13
c5e60e39c0f42b8e827daa13cff74afa,sao paulo,SP,6,8,134.0,89.1,16.75,4.13,3.25
c5ebe6598748b0aeaa61cfb820478b92,lajeado,RS,3,3,297.0,40.17,99.0,4.67,5.0
c5f7e746b7e6d07def6c0dae9903279b,curitiba,PR,10,11,1429.0,229.92,129.91,4.45,5.18
c5f7feb04a6a1fb3596322bfc3cf1917,sao caetano do sul,SP,11,11,1720.6,337.86,156.42,4.27,10.0
c60b801f2d52c7f7f91de00870882a75,guarulhos,SP,41,41,12913.5,739.39,314.96,3.32,16.0
c611f4ce9ce875bcc063fa97fd4d7d12,atibaia,SP,1,1,319.0,13.25,319.0,4.0,4.0
c6218512d16fcac0af02fe92691cf274,contagem,MG,8,8,674.0,194.64,84.25,4.06,15.0
c6381b1321d7d97717a5bb4ed5b77882,sao paulo,SP,2,3,66.0,34.01,22.0,3.67,4.67
c6381d2d013342748761e906d45aff76,portao,RS,15,28,2042.98,571.28,72.96,3.0,16.61
c64a2aec32cc408a8a4c6d7c46017f91,imbe,RS,9,9,3221.5,406.67,357.94,3.89,21.44
c66dccfb3f109511246da627dd5a2498,registro,SP,45,45,12708.55,973.7,282.41,4.49,11.32
c679fb69a36e1d8349e8c50a217b4d58,caxias do sul,RS,14,17,1825.68,388.21,107.39,3.56,10.29
c68fb906c8f4b4b946d8386bfa6e5467,jaboticabal,SP,45,48,4541.16,892.45,94.61,4.51,11.13
c6a7539d424a8402232c2228d7a03c5e,sao paulo,SP,10,15,607.5,393.82,40.5,2.6,13.6
c6bda72e4dbf5c5866b13cb1810c6d03,sao paulo,SP,59,59,14059.38,1136.74,238.29,4.4,10.14
c70a353f02429c00775a46a75fb787da,sao paulo,SP,6,6,242.0,94.94,40.33,4.67,6.83
c70c1b0d8ca86052f45a432a38b73958,hortolandia,SP,261,338,36537.37,3938.91,108.1,4.3,7.53
c714262700f93defc16bf17a51a4cb23,sao paulo,SP,4,4,421.8,69.53,105.45,3.75,10.0
c716e0b86ed568878475b60fbb6323ad,rio de janeiro,SP,1,1,35.0,15.23,35.0,5.0,8.0
c7246702dc991a06d788120dc7544391,fortaleza,CE,1,1,54.86,17.66,54.86,5.0,21.0
c72de06d72748d1a0dfb2125be43ba63,guanambi,BA,21,22,17522.0,1211.18,796.45,4.45,9.68
c731d18cea9bf687ffee82a241c25b11,concordia,SC,24,26,3662.0,610.65,140.85,3.96,7.65
c747d5b92c7648417faea95d36d763e8,pacatuba,CE,1,1,139.0,85.75,139.0,5.0,13.0
c74f14c1e26cf1bd5bd34b6a1e274426,sao miguel do oeste,SC,1,1,39.0,16.79,39.0,5.0,25.0
c76d418370990614e89e956c7a7567d9,taboao da serra,SP,2,2,305.24,64.53,152.62,3.5,10.5
c79151301b9d90985d1fa52879213105,maringa,PR,4,8,322.3,130.81,40.29,4.38,8.43
c794dab4928dd97beb41d05514441e86,artur nogueira,SP,16,16,1312.4,232.19,82.03,4.38,13.75
c7a0a13cbcf29d5ce51c8f80afdc0b89,laurentino,SC,8,9,483.08,174.72,53.68,4.22,10.22
c7b7db6c8f3c64a7cc1afa634db21d50,sao paulo,SP,1,1,1489.0,22.86,1489.0,1.0,33.0
c7bb64409aa480bb7d0335faaaf3d242,joinville,SC,4,4,97.6,67.56,24.4,2.25,5.75
c7c7b2682c648339a0e9846bb1023a39,braganca paulista,SP,2,3,168.0,31.68,56.0,4.67,8.67
c7dcd301ecfe5ab7f778ac172cf74be7,belo horizonte,MG,4,4,457.69,62.14,114.42,2.5,25.33
c7fdb77fdbff3c41981bc52f787e959e,santo andre,SP,10,12,696.32,175.56,58.03,3.33,17.82
c8025364abeecb115431bf95c11a747f,porto alegre,RS,2,2,928.0,43.28,464.0,4.5,8.0
c8143b3069f6746a77421b5ce30a450c,abadia de goias,GO,1,1,142.47,43.41,142.47,5.0,24.0
c826c40d7b19f62a09e2d7c5e7295ee2,guarulhos,SP,354,373,45643.74,5573.48,122.37,4.04,13.11
c840d3fdbba0790404fdae73d253b253,curitiba,PR,9,14,4522.28,359.65,323.02,3.93,11.5
c8417879a15366a17c30af34c798c332,sao paulo,SP,26,36,1767.9,487.54,49.11,4.03,9.6
c84592044b180dec206770c38603814b,sao paulo,SP,15,15,511.94,224.26,34.13,4.2,12.64
c8467937e403e76a8ee9f0ab13f6f5ef,pocos de caldas,MG,30,33,1853.79,588.95,56.18,4.13,16.64
c847e075301870dd144a116762eaff9a,uberaba,MG,42,43,15348.7,1112.08,356.95,4.17,16.86
c85d7b477a709c85a1e8b8f25aa1b270,sao bernardo do campo,SP,1,2,75.0,32.22,37.5,1.0,
c864036feaab8c1659f65ea4faebe1da,campo largo,PR,58,58,10454.2,1845.57,180.24,4.57,12.26
c8660dcf9ba70575f45d80fe28c27713,sao paulo,SP,4,7,335.0,103.99,47.86,4.71,11.14
c8665a4dd081a2c436b1cd921079d0d9,pitangueiras,SP,1,1,79.39,14.14,79.39,5.0,4.0
c8771b1a10bb99bb34d3c459c5cffb53,tocantins,SP,1,1,64.9,31.2,64.9,5.0,7.0
c878515173c84a492ebe50d6b493230b,itaipulandia,PR,9,10,1118.84,189.2,111.88,4.2,16.0
c87abc38c8ed3240861729e1aeadf221,sao paulo,SP,1,1,133.0,15.68,133.0,1.0,10.0
c88f62b4c386a59281014d677864d016,arapongas,PR,1,1,1099.0,251.5,1099.0,1.0,
c89cf7c468a48af70aada384e722f9e2,petropolis,RJ,14,14,745.0,226.01,53.21,4.0,14.07
c8b0e2b0a7095e5d8219575d5e7e1181,itaquaquecetuba,SP,84,85,12170.21,1487.13,143.18,4.05,9.99
c8b3445d737de6befde0c88ede534a5e,sao paulo,SP,30,36,3149.04,651.75,87.47,3.97,11.22
c8c1bea22194a4eefa2dc9a9fa89f536,porto belo,SC,7,13,1266.0,292.73,97.38,5.0,8.46
c8cc60ffd415254af5d9b9f34f32c369,sorocaba,SP,8,9,722.2,194.03,80.24,4.67,4.89
c8e135e7b21ecbc36c1153a29d2f5a06,sao paulo,SP,7,7,1165.5,101.98,166.5,4.86,8.29
c963a25b8671419c6ce9eebe8fd03218,angra dos reis rj,RJ,1,1,49.0,19.32,49.0,5.0,6.0
c97aa4ee7420f937da13b7f9e2228b99,novo hamburgo,RS,1,1,29.9,6.66,29.9,1.0,11.0
c990d6cf976a5718aaedc539f383ab88,paulinia,SP,10,11,200.9,141.09,18.26,3.18,21.22
c9a06ece156bb057372c68718ec8909b,brasilia,DF,14,14,4688.9,540.72,334.92,3.0,11.64
c9aafcd0621b2207c10e32c649cada4d,sao paulo,SP,44,52,2997.25,888.65,57.64,4.02,9.0
c9c7905cffc4ef9ff9f113554423e671,itapecerica da serra,SP,127,139,10657.18,2109.53,76.67,4.16,10.99
c9d2ba8dde44a275ae06475ed1d2fafc,uberlandia,MG,1,1,28.79,14.52,28.79,5.0,8.0
c9e5ad1f6647f5dbd1172adf6ae3cada,porto alegre,RS,4,4,259.03,60.95,64.76,4.75,9.0
ca3bd7cd9f149df75950150d010fe4a2,sao paulo,SP,71,138,9731.85,3439.52,70.52,3.72,13.75
ca4b77513ac2040591b0d8fae6958380,sando andre,SP,14,15,1772.45,201.17,118.16,4.47,7.53
ca5832c6960267b71041f74bb39e8b12,xanxere,SC,1,1,79.9,17.81,79.9,1.0,45.0
ca77545ca4d2dfd1431bf61334e2fa3c,maringa,PR,6,10,760.0,213.71,76.0,4.8,12.9
ca7c6bd577e559472af1c699de9e764e,sao bernardo do campo,SP,6,8,148.0,70.82,18.5,4.0,4.25
caa9bc43a9fe8cf9c564ddd8a03cc4a6,jacarei,SP,13,14,803.87,233.87,57.42,4.69,9.07
cab85505710c7cb9b720bceb52b01cee,sao paulo,SP,206,209,11389.1,2906.14,54.49,4.29,10.08
cac4c8e7b1ca6252d8f20b2fc1a2e4af,indaiatuba,SP,75,83,4168.18,1554.36,50.22,3.53,19.83
cac4e0bc1a3269fa2b6ea5e763f6115b,brusque,SC,2,3,57.88,50.14,19.29,5.0,11.67
cac63f48c38cd7d002a7e846dcd99a23,sumare,SP,10,10,874.0,140.62,87.4,4.8,7.3
cac876b37d3abcd6bd76caca30277996,cascavel,PR,27,33,2229.77,729.02,67.57,4.56,11.94
cad10cc982ab6a391570c211b995c17c,avare,SP,1,1,47.4,12.79,47.4,5.0,4.0
cad9969167c09b48ae6f1d123f7fa68d,pocos de caldas,MG,2,2,43.2,26.98,21.6,3.0,3.0
cb0b3bcf14e0a709df412a99424a59d7,sao paulo,SP,2,2,460.0,47.43,230.0,4.5,22.5
cb162c8eef257253782d245c08d9097c,barueri,SP,1,1,34.99,14.13,34.99,5.0,11.0
cb32766839f443db85c82a43c4a6c19e,rio claro,SP,2,2,234.0,31.51,117.0,3.0,19.5
cb3dd9ce66268c7a3ca7241ac70ab58c,sao paulo,SP,50,52,2879.76,845.95,55.38,4.17,13.74
cb41bfbcbda0aea354a834ab222f9a59,sao paulo,SP,12,12,4002.0,886.68,333.5,3.33,37.45
cb4a705d00e100b9732d0ca34817d441,florianopolis,SC,1,2,998.0,82.56,499.0,1.0,25.0
cb5df0dcb9e280b1780e9d589889f2c7,bady bassitt,SP,16,19,2934.72,754.49,154.46,2.56,20.83
cb5ff1b9715e99589f3e0c7a6afab9e3,maringa,PR,4,4,85.0,54.03,21.25,4.0,6.0
cb6c9f5888a7a090c75beaf615925792,vila velha,ES,11,11,779.89,229.08,70.9,3.82,9.91
cb810bd318f51b3dc3c753944d61a1fa,niteroi,RJ,1,1,1750.0,39.02,1750.0,4.0,12.0
cb8bcce248bb1fb274ba762d8b971456,santa rita do sapucai,MG,68,69,9402.2,1232.82,136.26,4.26,12.52
cb9fb4ca75d7ba8437480e8dde64fe98,sao paulo,SP,10,10,532.14,173.42,53.21,4.0,9.2
cbbd5ae8f53de5f5097cd8217b529e24,santana de parnaiba,SP,2,2,351.8,70.45,175.9,2.5,21.0
cbd996ad3c1b7dc71fd0e5f5df9087e2,sao jose do rio preto,SP,165,196,8411.04,2873.92,42.91,4.08,12.8
cbf09e831b0c11f6f23ffb51004db972,sbc/sp,SP,10,10,1535.2,280.2,153.52,4.4,5.2
cc1f04647be106ba74e62b21f358af25,sao paulo,SP,1,1,11.9,8.29,11.9,1.0,13.0
cc3d14116804f7209f3884f6367f1152,curitiba,PR,27,30,5477.8,582.79,182.59,4.67,13.0
cc419e0650a3c5ba77189a1882b7556a,santo andre,SP,1706,1775,104288.42,25668.99,58.75,4.07,11.49
cc5a78bbad32776dc4e3af205218368c,divinopolis,MG,33,38,4269.18,1304.17,112.35,4.47,7.55
cc63f0dd2acba93ffed4fe9f8e0321fa,sao jose do rio preto,SP,55,63,7096.71,1399.97,112.65,4.05,8.94
cc80e2f693fa6e2408f47ccf62413fc1,curitiba,PR,2,2,420.0,88.63,210.0,4.0,14.0
cca3071e3e9bb7d12640c9fbe2301306,ibitinga,SP,712,830,64009.89,14371.4,77.12,3.85,14.25
ccada0ef508e698917a6eab263375905,pato bragado,PR,3,3,172.8,59.16,57.6,3.67,10.0
ccb83a794700270fde70898fe9ff368b,sombrio,SC,12,12,11062.0,1723.73,921.83,4.33,16.58
ccbd753e6863fe7314dc6c0ca5a074e7,blumenau,SC,1,1,495.0,101.56,495.0,4.0,12.0
ccc4bbb5f32a6ab2b7066a4130f114e3,curitiba,PR,187,192,74004.62,5256.98,385.44,4.28,15.79
cce6ab8d1682639fe45ab70234f1665f,curitiba,SP,63,66,2522.7,1167.44,38.22,4.44,15.36
ccf8813e5a7d6c84d865cd38bfc2b130,taubate,SP,26,26,2635.5,415.79,101.37,4.38,11.31
cd06602b43d8800bd0afad514919d35c,sao paulo,SP,44,53,2588.07,747.26,48.83,3.68,12.02
cd2169d9f31ff6fbb9ca3373b0c9e354,nova friburgo,RJ,1,1,569.0,56.33,569.0,4.0,15.0
cd233f8bfa30ebfd651f47ee7d054951,birigui,SP,1,1,79.9,18.66,79.9,5.0,9.0
cd3d09fbe6e3e9ff0c0ac0c300e93ae7,nova odessa,SP,12,12,651.04,229.19,54.25,4.17,11.5
cd52a8efd71af3336b14b5039b951cc1,palhoca,SP,3,3,170.8,59.74,56.93,2.33,11.0
cd68562d3f44870c08922d380acae552,ribeirao preto,SP,125,132,18569.7,2207.49,140.68,3.84,16.7
cd6efc47efaabf134f8bdb654e10b4f1,rio de janeiro,RJ,31,32,4158.55,598.61,129.95,4.5,8.41
cd843d4cf8ef32827de0396605163ba3,juiz de fora,MG,5,5,1915.0,697.56,383.0,3.8,16.0
cda598c48d7c614bc1cad7d8ff6f0010,mirassol,SP,17,18,1118.6,301.6,62.14,3.94,8.22
ce20a2ec1514c25e16f2b5b39bc818f0,sao paulo,SP,4,7,287.0,209.03,41.0,4.86,14.43
ce248b21cb2adc36282ede306b7660e5,jaragua do sul,SC,65,66,15230.06,2066.89,230.76,4.2,15.52
ce27a3cc3c8cc1ea79d11e561e9bebb6,sao paulo,SP,135,164,10682.65,2329.22,65.14,3.87,9.98
ce33c6211beaa8fef4cae8b52db39862,suzano,SP,1,1,49.0,14.52,49.0,3.0,19.0
ce3ad9de960102d0677a81f5d0bb7b2d,rio de janeiro,RJ,1,1,158.0,16.21,158.0,5.0,4.0
ce4755084bc097113867e6454f8f5e52,ribeirao preto,SP,1,1,18.9,12.79,18.9,5.0,6.0
ce616e1913288884e7742faac9d981db,cotia,SP,15,24,365.1,274.93,15.21,4.67,7.59
ce69a8021d18961dd2a40269b7c2c293,curitiba,PR,19,19,4818.0,471.05,253.58,4.47,10.16
ce7d1888639e6fb06b2749cbfdac1ff7,baependi,MG,78,84,11793.89,3082.65,140.4,4.11,14.11
cea729054f157f5870bdd321a958d994,sao paulo,SP,24,26,2482.1,349.52,95.47,4.19,7.08
ceaec5548eefc6e23e6607c5435102e7,sao paulo,SP,203,211,52917.18,6331.84,250.79,4.15,12.87
ceb7b4fb9401cd378de7886317ad1b47,04482255,RJ,1,1,399.9,16.55,399.9,3.0,
cecd97bc34ed8330bd4cd15713eda670,cordilheira alta,SC,1,1,57.99,18.51,57.99,1.0,7.0
cee48807215b30a12ca2ca10ffb5f250,guaruja,SP,39,40,7212.23,913.29,180.31,3.7,23.35
cf1313c6e2c01c2f4b014f97db4bcd2b,rio de janeiro \rio de janeiro,RJ,5,5,315.7,81.3,63.14,5.0,8.4
cf2384dd2f1dddea3f838efed0945e65,serra negra,SP,16,16,2101.5,433.44,131.34,3.94,14.19
cf281cf8b7affbdfe751b29cc85580e1,eusebio,CE,1,1,64.9,25.33,64.9,1.0,
cf654707ed6a99f112c7ec3d6f314b8b,sao paulo,SP,3,4,756.0,33.54,189.0,4.75,4.0
cf6f6bc4df3999b9c6440f124fb2f687,sao paulo,SP,1,1,3.5,8.72,3.5,5.0,
cf8ab1616079e2793aa29d524df01bb1,sao paulo,SP,9,9,14391.0,759.37,1599.0,2.0,26.33
cfa5ab0e4d3fc212fd0b3410e7081c62,uba,MG,16,21,6180.8,1039.01,294.32,3.52,13.9
cfb1a033743668a192316f3c6d1d2671,votorantim,SP,147,184,12803.64,3432.56,69.59,3.96,11.83
cfd7ddab722b902f7ac5b5f3ba6d723d,contagem,MG,12,13,3385.03,673.08,260.39,4.54,6.15
cfe94489ddd337d1e29e12f2a7205d10,sao paulo,SP,20,24,2376.0,296.82,99.0,4.13,7.71
d03698c2efd04a549382afa6623e27fb,ilheus,BA,18,21,8865.47,779.15,422.17,4.52,15.52
d05ae8f7a5bd1d2a690a44cd079e4e27,rio de janeiro,RJ,78,81,13436.0,1159.43,165.88,3.79,11.13
d06d019f72a04e5497a0b64190af170c,cotia,SP,17,17,2415.93,225.51,142.11,4.53,8.29
d0d70d21e2234dd7cd3cf63fe414148a,sao bento,PB,8,9,598.4,366.59,66.49,4.22,8.67
d101c6da914ae3d53f7bee42283f2fe2,sao paulo,SP,13,16,1297.4,260.15,81.09,3.81,13.88
d12c926d74ceff0a90a21184466ce161,sao paulo,SP,78,99,3944.18,1248.64,39.84,4.09,8.49
d13e50eaa47b4cbe9eb81465865d8cfc,santo andre,SP,67,69,7155.05,857.79,103.7,4.81,4.93
d149de2f383552baea37a7198c2296ce,sao paulo,SP,3,3,320.7,33.67,106.9,5.0,5.0
d1582f4043306e6b91afa6a8a884f898,sao paulo,SP,9,9,990.0,131.92,110.0,4.11,12.0
d17f467e4bf608a510c20d82f4ba3b6b,caxias do sul,RS,12,12,3021.66,534.89,251.81,4.0,11.91
d180e07dc1e58c31c3f0cd599dc4d945,belo horizonte,MG,1,1,58.8,14.16,58.8,3.0,8.0
d197aa8fbc64087f61984deef05f6227,sao jose dos campos,SP,6,7,519.09,111.56,74.16,4.71,7.57
d1a1b40ec554c593a1a99366746289dd,pato branco,PR,1,1,49.7,14.52,49.7,2.0,
d1a5cc844736958c11b8efab9a2b4c87,curitiba,PR,1,1,237.6,16.41,237.6,1.0,30.0
d1aa1ec0839dcab73a6161130eb1f94a,curitiba,PR,1,1,119.9,16.14,119.9,4.0,35.0
d1b65fc7debc3361ea86b5f14c68d2e2,mogi guacu,SP,40,41,11703.07,1438.73,285.44,4.56,9.05
d1b9d4be4b6f9ebd85f8acd6745ba612,nova lima,MG,11,11,1154.35,194.18,104.94,4.18,10.73
d1c281d3ae149232351cd8c8cc885f0d,ibitinga,SP,215,240,26942.6,5396.46,112.26,3.79,12.47
d1c7fa84e48cfa21a0e595167c1c500e,jacutinga,RS,12,12,1156.03,321.35,96.34,4.33,11.75
d1e2fe627180431ffda076abb303c56f,rio de janeiro,RJ,1,1,289.0,9.05,289.0,1.0,
d1ef48b38baca7e831711c4a0aeb398f,apucarana,PR,29,35,1469.12,675.57,41.97,4.43,9.71
d20b021d3efdf267a402c402a48ea64b,ibitinga,SP,90,106,4140.17,1575.0,39.06,3.64,16.65
d23019c84ffae2d5ef2270367b8605fc,londrina,PR,39,39,29205.1,2749.74,748.85,4.41,11.21
d2374cbcbb3ca4ab1086534108cc3ab7,ibitinga,SP,524,631,21223.92,9593.88,33.64,3.68,14.25
d2572f31e9023e9850ef986a636ff9bf,belo horizonte,MG,1,1,279.0,26.69,279.0,5.0,10.0
d25aa0aaacb370e912f8cf6efeba38b3,massaranduba,SC,17,21,2658.45,714.68,126.59,4.52,8.81
d263fa444c1504a75cbca5cc465f592a,americana,SP,1,1,399.0,45.07,399.0,5.0,9.0
d26aa40b90272d4843d63be7c1462c8d,sao paulo,SP,2,2,152.9,24.52,76.45,4.5,4.5
d297f1055de2956aedfd3b04113dce3e,nova odessa,SP,1,1,54.3,7.64,54.3,4.0,4.0
d29ba1220fb8634fa3a107e54497b8a4,sao carlos,SP,9,9,724.94,182.92,80.55,3.22,6.44
d2df77822373f19934e87694d8640767,arapongas,PR,2,2,155.9,40.5,77.95,3.0,22.0
d2e753bb80b7d4faa77483ed00edc8ca,porto seguro,BA,14,15,1320.7,454.24,88.05,3.7,12.73
d2f3e277560ed4c6361284429b00f037,atibaia,SP,7,7,320.55,134.11,45.79,4.71,8.0
d32e3909cfb714fb2a6cb092c85b9c5f,jundiai,SP,10,11,2827.9,251.0,257.08,3.64,21.91
d354c38a7182125a748cb10474fe963b,aperibe,RJ,18,20,1610.33,315.85,80.52,4.32,13.11
d3674f271c91f824f82d24d92011f669,brasilia,DF,20,20,1718.3,383.52,85.92,4.1,13.75
d36b07fd3c5088e477a72d1fccfe29d4,itapetininga,SP,1,1,328.9,10.96,328.9,5.0,13.0
d379f449f2a3b271bc01c0782020f705,divinopolis,MG,28,29,4423.06,1076.74,152.52,3.93,13.52
d3891911c2feae53c52fea2bd14054e5,sao paulo,SP,2,2,141.0,25.99,70.5,5.0,4.0
d3dcf0604eabf0224fbd5948b5e02f69,sao paulo,SP,9,9,2902.3,165.11,322.48,3.89,17.56
d3e7d37c0df9aef383f3f2a15b0dddfb,sao jose dos pinhais,PR,1,1,161.0,40.34,161.0,5.0,13.0
d3f39f05462b79a4562d35893a28f159,mococa,SP,34,38,2411.3,557.47,63.46,3.37,12.0
d4828feed4cda2cd9d6b37899a95a71e,juzeiro do norte,CE,1,1,39.9,22.21,39.9,2.0,13.0
d4910f1cdcfdabd48d6b316e395d4a23,santo andre,SP,11,12,1146.88,215.04,95.57,4.92,5.92
d4a5e99e0dd915df64ba55a7fbd583fd,sao paulo,SP,2,6,65.15,84.6,10.86,1.67,12.83
d4d99b60c4c94cd35acd502cec65dc8d,sao paulo,SP,1,1,72.9,14.39,72.9,3.0,19.0
d4e12e7884759a14fa0f5f896c791cae,sao paulo,SP,29,32,1400.0,439.67,43.75,4.63,8.13
d4e4b5192cba4e0e66eb12a9d347239d,toledo,PR,12,12,441.8,210.29,36.82,4.17,13.18
d4f117125b59ce73c3302f88ee40c458,sao paulo,SP,17,17,783.29,215.32,46.08,4.82,7.65
d4f91e8be86b38da2ee35bc489645a9d,guaratingueta,SP,1,1,49.99,11.17,49.99,5.0,17.0
d4ffeb15b67e81ff9af2b4252d99fb7e,atibaia,SP,11,12,1400.4,324.41,116.7,4.3,8.92
d50d79cb34e38265a8649c383dcffd48,sao paulo,SP,70,70,13012.42,1932.26,185.89,4.25,13.16
d51e0a403fe2e689ece6c73359d96e12,pompeia,SP,19,26,7790.0,673.02,299.62,4.23,12.84
d52cbce9845184537284a23c3bc3da0e,garopaba,SC,2,4,75.0,63.78,18.75,5.0,10.0
d558ebe531605a1285ab2b1bc3256dfb,divinopolis,MG,3,3,709.0,73.23,236.33,4.67,9.33
d566c37fa119d5e66c4e9052e83ee4ea,sao paulo,SP,65,73,5145.7,979.22,70.49,4.72,5.71
d57e18d5f73c7ccb7f7339b61166898d,sao paulo,SP,61,63,3187.7,923.49,50.6,4.44,8.98
d58d521f3789def2e7a22715e0badd93,sao paulo,SP,2,2,65.98,18.22,32.99,3.5,4.5
d594982fd877af63ace38ea1fca27c76,sao paulo,SP,7,7,217.04,92.66,31.01,4.43,8.0
d598f929fc44e1e38678e7f47250ec04,formosa,GO,1,1,69.9,37.4,69.9,5.0,11.0
d5b9a084373da994a6e37f732169a853,santo andre,SP,7,7,1769.0,176.29,252.71,3.57,18.0
d5ba419e26d246a0719437cf37d9b46d,sao paulo,SP,34,35,4061.4,520.11,116.04,3.82,9.82
d5c530f4884a75ae0dba9c148718d278,centro,MG,6,9,280.88,164.05,31.21,2.67,8.38
d624126b9206f595fb3fbb6ba03b28a8,curitiba,PR,23,28,7198.8,569.7,257.1,4.33,10.11
d63c73efd41eb002280e7ec831424edb,piracicaba,SP,2,2,5598.0,168.59,2799.0,4.0,6.0
d63f306de130e0391d38a792541723b8,sao paulo,SP,1,1,49.0,7.6,49.0,5.0,3.0
d650b663c3b5f6fb392b6326366efa9a,cotia,SP,60,60,19242.9,910.14,320.72,4.2,9.74
d65f31d2413268e671989503f6cf9993,artur nogueira,SP,2,3,488.8,71.15,162.93,1.0,
d66c11a9572221d92fbb8c4897db5f9b,rio de janeiro,RJ,16,16,776.56,387.82,48.54,4.56,8.63
d66c305afaec317ebee552073a674429,ribeirao das neves,MG,41,47,4886.46,1199.24,103.97,4.4,10.23
d673a59aac7a70d8b01e6902bf090a11,ibitinga,SP,79,84,3908.94,1590.62,46.54,3.96,13.73
d6ab728cf30867cf3f1a2e216ae2f9b7,sao paulo,SP,12,14,2002.0,231.82,143.0,4.43,11.07
d6b1ce66b035a475f00c017792ff9769,salto,SP,92,108,12277.4,2038.48,113.68,4.17,10.08
d6b664fa0667064c6d76394e7848d790,araraquara,SP,6,6,6080.0,324.34,1013.33,4.83,17.5
d6cd01c59123df02fc226eadbadb5f89,sao paulo,SP,2,3,244.9,31.21,81.63,2.33,19.0
d71d863e5ef30d94e440c11be17dcd8f,osasco,SP,29,36,11900.9,754.75,330.58,3.24,19.57
d73cbd89533ce8b041a9190241453ac8,guiricema,MG,4,4,368.6,65.02,92.15,3.5,12.0
d7485b33791774c36108f8c69602d48d,curitiba,PR,10,10,399.82,219.32,39.98,3.7,8.9
d7827b2af99326a03b0ed9c7a24db0d3,londrina,SP,1,1,1455.0,101.7,1455.0,5.0,14.0
d79e8478eed9999493990b44955fb22e,rio de janeiro / rio de janeiro,RJ,5,5,721.89,80.72,144.38,4.0,8.0
d7ab82074b5f1dfba46db123df101bff,atibaia,SP,2,3,38.67,45.3,12.89,4.33,5.67
d7b2377bae6ace1b11fc69a11900ac36,sao paulo,SP,4,4,329.6,51.96,82.4,3.25,19.67
d7d517afce974cd491b8d52bb5b5b1fc,sao paulo,SP,1,1,89.99,18.73,89.99,4.0,13.0
d7f1cfc638473be93baedbfd02208016,belford roxo,RJ,1,1,30.0,17.14,30.0,5.0,12.0
d85efbc8eff2b7adf524e2820569adc8,sao paulo,SP,1,1,55.0,8.29,55.0,5.0,3.0
d8b8f2cf9ff6ba0389072541cb42498c,formosa,GO,1,1,149.0,20.01,149.0,5.0,12.0
d8bf0fc082fd4a77fc2e5679b6c00133,sao paulo,SP,1,1,139.9,9.14,139.9,5.0,7.0
d8c7ba53e7e38711eaef8c2849d6d2e1,floresta,PR,22,22,1190.87,597.47,54.13,4.5,8.09
d8cf3b6a2151949f930d0252b180ec42,mandaguacu,PR,6,19,623.7,406.48,32.83,3.0,7.11
d8d9567d0bfb0bc7eb845a205ba42657,sao paulo,SP,4,4,74.6,59.71,18.65,3.5,13.5
d8dd176509baa37f359644d082bf7f7b,sao caetano do sul,SP,2,2,198.0,31.9,99.0,1.5,30.0
d90fe2229fee1a5da999ccd0c06c1667,sao paulo,SP,3,3,450.0,66.91,150.0,4.67,10.0
d91fb3b7d041e83b64a00a3edfb37e4f,praia grande,SP,535,536,40889.74,9290.77,76.29,4.09,11.22
d921b68bf747894be13a97ae52b0f386,formiga,MG,77,77,15645.8,1758.01,203.19,4.56,9.94
d93844a9c55ba7ce353388bcf849ea56,curitiba,PR,12,14,2708.5,521.02,193.46,4.21,16.14
d93919c944be9cff128f6c9cb899eacb,mombuca,SP,33,33,2666.7,957.31,80.81,4.0,22.82
d93b8458c6fe139d85cfa5eadbf55bd2,sao paulo,SP,1,1,19.9,14.1,19.9,5.0,6.0
d9442042130b7fe579d1295f9f4a248f,sao paulo,SP,19,22,772.16,338.88,35.1,4.23,11.45
d94a40fd42351c259927028d163af842,baependi,MG,101,110,13823.8,3397.14,125.67,4.1,13.61
d94ba08b99bedd6a5f6c875ecc4a6fac,apucarana,PR,9,10,599.0,179.27,59.9,4.8,11.78
d97df38225e5abadaff1e72cb72b823c,sao caetano do sul,SP,29,29,1846.0,516.92,63.66,3.93,12.11
d98eec89afa3380e14463da2aabaea72,porto alegre,RS,168,183,6968.53,3256.78,38.08,4.29,8.46
d9a84e1403de8da0c3aa531d6d108ba6,sao paulo,SP,54,59,1425.2,732.14,24.16,4.56,7.41
d9b00a97818674c7f8d8b1ef0e689679,ponta grossa,PR,1,1,69.9,9.18,69.9,3.0,2.0
d9bd94811c3338dceb4181f3dbc0c73e,sao paulo,SP,54,61,6911.02,771.09,113.3,4.82,7.74
d9c349beabc06aa6ff1c6d68b5e9e22e,sao paulo,SP,1,1,168.1,37.55,168.1,5.0,21.0
d9cb0052a666de5308b32f32ad5f1b1c,olimpia,SP,3,3,231.9,38.59,77.3,3.67,13.0
d9cd369bffa979d1634f8e1318bf2f1b,bady bassitt,SP,3,3,678.0,66.81,226.0,5.0,11.0
d9d43faf741ceaa8da52fdbb81d9e0e3,juiz de fora,SP,6,8,210.0,211.25,26.25,3.5,9.67
d9e7e7778b32987280a6f2cb9a39c57d,sao paulo,SP,11,13,722.5,263.89,55.58,3.15,19.0
d9e8c084b68fe958861d8f2c21202e6b,sao paulo,SP,9,12,3050.0,181.86,254.17,4.17,10.83
da03c298e3999e9d828591fc2179d109,sao paulo,SP,4,5,787.7,54.78,157.54,4.8,9.2
da20530872245d6cd9d2f5725613c430,igrejinha,RS,2,3,314.96,79.26,104.99,4.67,9.67
da2782c804606d2a5d8e1760dbb3e7ec,sao paulo,SP,1,1,89.0,14.37,89.0,1.0,32.0
da3fede3469bf49b7293ce3fc45b294d,mogi das cruzes,SP,1,1,44.9,12.79,44.9,5.0,11.0
da4d149c0ddbac90557103ac0a0ec356,sbc,SP,1,1,730.0,45.98,730.0,3.0,
da6a60cc8cc724fe51be021ff8be779c,sao pedro da aldeia,RJ,12,13,728.79,255.79,56.06,4.77,7.54
da7039f29f90ce5b4846ffc0fcc93beb,santo andre,SP,17,18,1259.1,244.45,69.95,4.56,8.72
da8622b14eb17ae2831f4ac5b9dab84a,piracicaba,SP,1314,1551,160236.57,24955.75,103.31,4.06,11.11
dace965ca58120f92f8d742a9fa1864b,sao paulo,SP,8,8,1442.0,131.77,180.25,4.63,8.0
dadc51ef321949ec9a3ab25cd902e23d,sao paulo,SP,1,1,85.0,14.34,85.0,1.0,
daeb5653dd96c1b11860f72209795012,belo horizonte,MG,40,41,2305.9,632.16,56.24,4.11,11.41
daf565f087a52def0fd5c5825b3661bc,brusque,SC,9,9,813.9,307.93,90.43,3.63,9.11
db1f0f7c7e5e87f40b62226f020bb297,pinhais,PR,3,3,59.01,64.72,19.67,4.67,9.67
db2956745b3a8e9f3785c99f34b5d25e,sao sebastiao,SP,47,48,8599.0,975.27,179.15,3.73,14.22
db4350fd57ae30082dec7acbaacc17f9,sao paulo,SP,137,146,3331.31,2090.33,22.82,4.12,10.85
db46ca7bce82b11f7e247539271fc390,rio de janeiro,RJ,16,16,933.97,215.89,58.37,4.56,8.13
db6a4d4b5f1f5f98820ce6ce2619e2de,sao paulo,SP,1,1,135.99,12.16,135.99,5.0,3.0
db7ed69a53aa9fb1c01930ba54a88bbe,jaguariuna,SP,1,1,109.0,11.78,109.0,5.0,4.0
dbb9b48c841a0e39e21f98e1a6b2ec3e,sao paulo,SP,108,118,7186.85,1581.41,60.91,4.2,9.92
dbbcfe2c8d026742134ac3e28ccde274,curitiba,PR,4,4,308.59,54.38,77.15,4.0,8.0
dbc22125167c298ef99da25668e1011f,borda da mata,MG,406,429,33776.78,8012.38,78.73,4.23,11.31
dbc51f5e45d654ecc16cb68e6817ecea,franca,SP,1,1,199.99,18.14,199.99,4.0,18.0
dbd66278cbfe1aa1000f90a217ca4695,sao paulo,SP,85,99,4928.9,1543.87,49.79,4.45,8.96
dbdd0ec73a4817971d962698f2fea022,fortaleza,CE,16,16,6384.0,1790.8,399.0,4.38,12.63
dbec9a0a7efeff029d4d9dce7dc4cc95,belo horizonte,MG,3,3,1170.0,118.59,390.0,4.0,12.0
dc120d932ddf9d4dfb6fd68beefda622,sao jose dos pinhais,PR,1,1,130.0,14.44,130.0,1.0,15.0
dc317f341ab0e22f39acbd9dbf9b4a1f,cachoeirinha,RS,55,58,18988.4,3581.73,327.39,4.12,12.12
dc4a0fc896dc34b0d5bfec8438291c80,ibitinga,SP,231,249,24180.77,4614.32,97.11,3.78,13.76
dc50afafdfa325eadc890c7fa42a8f4e,maringa,PR,4,4,424.2,57.28,106.05,4.75,6.0
dc64d75cc406bb0697be983831430e60,belo horizonte,MG,4,4,813.0,92.55,203.25,4.75,10.0
dc7192adf8ba09569261f4a8d576afe0,itapeva,SP,7,8,917.0,161.43,114.63,3.63,6.38
dc8798cbf453b7e0f98745e396cc5616,sao paulo,SP,41,51,2056.3,624.4,40.32,3.15,13.65
dcb7367a92f5ffb89f1e2152ed260285,osvaldo cruz,SP,1,1,79.9,18.44,79.9,5.0,10.0
dcf3755cefcdc158ad0b7bdde51e871b,cachoeira do sul,RS,3,3,269.7,89.33,89.9,4.0,13.0
dd264199fc8b687ad029de7de6d760e6,cascavel,PR,1,1,87.9,20.7,87.9,5.0,18.0
dd2bdf855a9172734fbc3744021ae9b9,belo horizonte,MG,108,113,10816.7,2037.18,95.72,3.79,15.17
dd39ad39b5d3df33037e141c72497ba6,sao paulo,SP,2,2,135.8,29.05,67.9,5.0,8.5
dd4d95ba2d15c071e6c695e2ef6ce169,cachoeiro de itapemirim,ES,4,4,1748.0,214.41,437.0,4.25,14.25
dd533b429f380718b70ad9922c294bae,barretos,SP,41,45,2819.77,1151.21,62.66,3.73,16.74
dd5450b022b2d00a2145a66331e1aef6,joinville,SC,1,1,59.0,22.34,59.0,5.0,7.0
dd55f1bb788714a40e7954c3be6df745,sao paulo,SP,35,37,7041.76,659.42,190.32,3.81,18.73
dd58ee93286b0821565574c570e9e1dc,curitiba,PR,2,2,2948.0,75.31,1474.0,5.0,12.0
dd7ddc04e1b6c2c614352b383efe2d36,sao paulo,SP,122,143,9178.51,2893.49,64.19,3.76,14.75
dd88d13bea9e4c2bf47daf224f8141e5,lajeado,RS,1,1,458.0,29.38,458.0,5.0,6.0
dd8a29ce82d5c705ba932d81494600a5,sao paulo,SP,2,2,205.75,27.5,102.88,3.5,9.0
dd9661d3cda1e6feb237f0c4d8b26f2e,campos novos,SC,1,1,174.0,16.98,174.0,5.0,18.0
dda37071807e404c5bb2a1590c66326f,sao paulo,SP,1,1,199.99,19.28,199.99,5.0,16.0
ddd51ae8cda92f3995a51fc0f0f3eec7,rio de janeiro,RJ,8,25,842.7,276.92,33.71,4.6,6.92
dde698c6d0bd24834c586e5111c2bba7,petropolis,RJ,1,1,155.9,19.19,155.9,5.0,7.0
de09d00cfc265b8804c7df34075a68fa,sao paulo,SP,3,3,784.0,43.97,261.33,3.33,6.33
de0c78824586e9a5f5f04fd84e25df39,vargem grande paulista,SP,14,16,2489.3,208.53,155.58,4.44,6.13
de23c3b98a88888289c6f5cc1209054a,sao paulo,SP,164,181,26399.67,2682.14,145.85,4.28,10.65
de66a66f2dd06bb9ec37aa96987466a3,rio de janeiro,RJ,7,8,353.32,115.66,44.17,4.25,14.88
de722cd6dad950a92b7d4f82673f8833,recife,PE,339,379,55426.1,9686.65,146.24,4.16,12.71
de9727ca376d1be6ec121b110aa7954c,sarandi,PR,10,12,1058.7,211.39,88.23,3.75,11.27
deaadd805612bf94faaa9fa702516e11,sao paulo,SP,1,1,50.0,15.11,50.0,1.0,
debe6615cd90cc0c2eac2b8988e1f628,sao paulo,SP,5,5,278.5,95.53,55.7,4.6,11.8
dedcab67899479e4ea5dcc4eba47f587,jaragua do sul,SC,2,2,84.0,21.64,42.0,4.5,5.5
dee656f0f566ed1aa85bd137c943f08f,cruzeiro,SP,93,95,6271.98,1696.69,66.02,4.38,12.47
df0f42bc4c2142eacf0eaf2cffd0cfbb,itajai,SC,14,16,1654.0,292.45,103.38,4.06,14.31
df47da4ae86fa4db890d05aaf24e21d8,sao paulo,SP,5,5,310.5,77.18,62.1,4.2,7.0
df560393f3a51e74553ab94004ba5c87,loanda,PR,28,29,3661.18,606.15,126.25,3.72,18.15
df56d7b40d437f88407c5f78b63bc328,cascavel,PR,22,25,2791.28,460.22,111.65,3.88,12.08
df683dfda87bf71ac3fc63063fba369d,farroupilha,RS,1,1,39.9,16.05,39.9,1.0,190.0
df91910b6a03bb2e3358fa6a35e32f6f,sao paulo,SP,14,14,2312.1,395.02,165.15,4.36,9.08
dfa0c4c6229ab200a4a1336b4d7128ff,florianopolis,SC,77,86,4777.1,1767.11,55.55,4.01,9.53
dfc475d54e1b6dbeeb7d7d9bdaa63827,curitiba,PR,19,21,1793.76,434.31,85.42,4.38,12.9
dfc5fb7259bb2b599ca565e6e9448f0f,sao bernardo do campo,SP,33,34,6124.63,721.35,180.14,4.12,14.32
dff87e4de60c9736ce8df835951b09bc,sao paulo,SP,2,2,998.0,45.43,499.0,2.5,
e00d85ce20ea50c1224c66ca5050527d,osasco,SP,1,1,149.0,8.3,149.0,4.0,2.0
e0482f2c769468c3bbcd8a01e09d98c5,sao paulo,SP,1,1,189.0,45.4,189.0,4.0,6.0
e0487761face83d64fcada2408959a36,sao paulo,SP,2,2,49.25,14.87,24.63,4.5,3.5
e067ad2c1c0b48758eb1b5228bcf7a68,santos,SP,54,61,5042.55,1005.36,82.66,4.13,14.36
e06f09ec0a4aca210779cf1cfc63cf19,sao paulo,SP,29,31,5279.49,621.92,170.31,4.02,14.94
e0878efa0e0b7e5313ac0b43bc04c081,curitiba,PR,27,29,5065.3,529.61,174.67,3.45,18.11
e09887ca8c7bf8a4621ce481820414ef,sao paulo,SP,3,4,119.96,58.7,29.99,3.0,41.67
e0a366315b1b726b6c7832d664c0f530,sao paulo,SP,43,51,7400.09,745.08,145.1,4.33,7.35
e0a3c37054ade6478d923a6efc10f308,camboriu,SC,2,2,219.8,35.18,109.9,5.0,8.0
e0b162a693bc7f9eab00f783a31d60ea,pelotas,RS,1,1,20.0,29.69,20.0,5.0,11.0
e0eabded302882513ced4ea3eb0c7059,campinas,SP,8,8,978.4,138.79,122.3,4.63,11.38
e116c7455dd26a4d8c3e92532583905f,sao paulo,SP,1,2,36.76,14.78,18.38,4.0,
e1643dff33666ca629e3644c02738179,sao paulo,SP,3,3,170.0,29.31,56.67,4.33,4.33
e174dc2de86d60fee178170a154c05e7,santo andre,SP,1,1,19.8,14.1,19.8,1.0,
e1a210d482714ce337763a19aef94ba4,cascavel,PR,1,1,49.9,26.61,49.9,1.0,
e1b12447a7563944843191754aeb5562,guarulhos,SP,9,10,472.46,126.67,47.25,4.5,15.9
e1bed63d68ac36fe1f3061befe196af5,mogi guacu,SP,1,1,199.0,18.0,199.0,5.0,9.0
e1c76f339ebd5460999f25a2aa8c92c5,sao paulo,SP,1,1,899.9,28.8,899.9,5.0,30.0
e1dc0754bada9ee4cfe9713f22f61292,duque de caxias,RJ,12,12,885.0,264.78,73.75,3.83,8.17
e21a1e8be4715b0fcfd5385643bc49c4,jaguaruna,SC,21,24,703.6,472.29,29.32,3.67,16.48
e24d3429d294b2eb200b064ebb035879,sao paulo,SP,19,22,1878.58,372.12,85.39,4.14,7.5
e24fc9fcd865784fb25705606fe3dfe7,braganca paulista,SP,52,56,12936.0,1030.71,231.0,4.2,12.64
e250d617a0ad591ba9bd663e584a895d,guarulhos,SP,8,20,904.12,300.79,45.21,2.8,8.0
e256a62e0ac58c0edfba09966142d561,curitiba,PR,12,14,1474.11,335.44,105.29,4.5,8.21
e26901d5ab434ce92fd9b5c256820a4e,maua,SP,202,221,11990.9,2947.98,54.26,4.06,9.33
e2a1ac9bf33e5549a2a4f834e70df2f8,sao paulo,SP,5,5,14999.45,201.11,2999.89,4.8,12.4
e2aee0892199b1d92530e371abd825bf,rolandia,PR,38,41,5662.57,2654.72,138.11,3.8,14.82
e2c92f9c1c7746d899d18f2e158bbff7,sao jose do rio preto,SP,14,14,1894.7,391.91,135.34,4.07,9.08
e333046ce6517bd8bb510291d44f0130,ipaussu,SP,68,74,7268.0,1431.32,98.22,4.39,9.97
e38db885400cd35c71dfd162f2c1dbcf,brasilia,DF,30,32,2066.8,670.75,64.59,4.5,12.53
e3a386fc36e22064434e1fa256f6a9fa,engenheiro coelho,SP,16,17,793.9,253.25,46.7,4.24,10.53
e3b4998c7a498169dc7bce44e6bb6277,sao paulo,SP,3,3,6897.9,216.79,2299.3,2.67,19.0
e3d3b3efac954a60d61be70b7e05b49b,sao paulo,SP,3,3,1282.05,123.78,427.35,4.33,11.0
e3dd723429d1b23614b7fa85e2c7a853,sao bernardo do campo,SP,7,8,471.05,126.57,58.88,3.38,13.25
e3e15e2c0b9700561efac21c6be48066,sao paulo,SP,3,4,97.24,42.5,24.31,2.5,
e3e290b38963293022cdcd6db8328103,sao paulo,SP,3,3,135.7,46.34,45.23,3.33,9.67
e4253cef933647000a82ff39c67b7bde,sao paulo,SP,2,2,68.0,40.73,34.0,2.0,
e433f5fd4050e3352b5d83522b7fe24b,arapongas,PR,1,1,548.06,48.71,548.06,4.0,7.0
e439f7176d763f92de325271111b2fd5,joinville,SC,7,7,1348.4,235.62,192.63,5.0,10.0
e45edf75f568ed2f93f78d060e246e25,rio de janeiro,RJ,6,7,164.3,113.92,23.47,4.14,12.0
e46bc031f2c5bae4ccb40bb90712e9b4,sao paulo,SP,1,1,277.3,50.09,277.3,1.0,
e48b04bf1aa1ef711caebeb7aede6180,curitiba,PR,25,25,3187.1,645.63,127.48,4.48,10.52
e48cc16ab70bfa09e1401740dce0b3d7,aracatuba,SP,14,17,1084.83,326.3,63.81,3.24,14.65
e49c26c3edfa46d227d5121a6b6e4d37,brejao,PE,35,36,3654.25,1175.46,101.51,4.42,11.6
e4ebd3f87bf70440014f07ddda7fbe03,presidente epitacio,SP,7,7,671.5,115.76,95.93,4.57,17.86
e4f121bf6ef8b9a1d4d3e65dd0473fab,sao jose do rio preto,SP,2,2,70.0,36.46,35.0,3.0,21.0
e4fc40017a6d22c46a14ac2e17f87c3e,arapongas,PR,3,3,387.0,275.05,129.0,2.33,10.0
e503f22be6a4f456d9851920a5d9c670,sao paulo,SP,2,2,198.9,32.44,99.45,4.0,5.5
e504a4e2efaa45cbff7e268a2c58c956,sao pedro,SP,11,12,1188.8,275.26,99.07,3.67,12.55
e51f22821f0c12a16ad5c020cdcd55e9,carapicuiba,SP,4,4,898.71,98.13,224.68,4.75,10.0
e53d5b9b29d1218281f4a907ada18626,toledo,PR,4,5,350.67,133.25,70.13,4.8,6.6
e546117ed9cafbc40239c0c78635c584,sao paulo,SP,2,2,456.0,28.34,228.0,4.5,6.5
e5475dcab1e07b63d7f6e902d8f5eda8,diadema,SP,19,19,2192.0,251.22,115.37,4.11,9.47
e5545d4d4473876ea78c5bcebca365c3,marilia,SP,1,1,44.5,12.97,44.5,5.0,5.0
e560e4022d8f7aebf155db95946c5c0f,belo horizonte,MG,2,2,780.0,90.21,390.0,5.0,10.0
e5899683388855d3dabe8913bbe365de,sao carlos,SP,3,3,452.88,80.98,150.96,4.0,7.67
e58a5b390e28abc0b216cfb0e07d27d7,rio de janeiro,RJ,7,7,1022.6,144.63,146.09,4.86,7.71
e595809a6c31ec4314fd06ef198c244d,navegantes,SC,1,1,39.0,18.23,39.0,5.0,15.0
e59aa562b9f8076dd550fcddf0e73491,curitiba,PR,70,84,31574.3,2229.67,375.88,4.25,13.62
e59e489e2ea74bd409b798b5daf49de3,maringa,PR,3,5,495.0,86.76,99.0,2.2,14.8
e59e575a175fadcadf8479e191770425,nova iguacu,RJ,1,1,199.9,50.98,199.9,5.0,5.0
e5a3438891c0bfdb9394643f95273d8e,limeira,SP,224,255,7738.35,3374.27,30.35,3.83,15.34
e5a38146df062edaf55c38afa99e42dc,sao paulo,SP,121,125,15360.07,1894.52,122.88,3.94,12.19
e5bd51692380fd8cabb19b756b95e714,santo andre,SP,3,3,119.7,33.34,39.9,2.33,33.5
e5c84227854980f1db19a58958c551d9,fazenda rio grande,PR,4,4,72.81,68.83,18.2,4.75,10.25
e5cbe890e679490127e9a390b46bbd20,sao paulo,SP,2,2,908.99,28.72,454.5,4.5,6.0
e5d4b2b0c3bca22085f7a19a28de0c42,joinville,SC,4,4,205.8,63.76,51.45,4.5,12.5
e5def42655b7490edac5a56fe8e9e603,amparo,SP,1,1,129.9,11.52,129.9,5.0,6.0
e5e33c0d8e7e002f398f5dc4cbbb338f,bauru,SP,28,29,6698.7,778.63,230.99,4.34,12.04
e5f9e61ceb5f523cc966e0f34095032f,brusque,SC,4,4,2238.0,115.44,559.5,4.0,20.25
e601b04acf48b4576e73ddca9481f0dc,sao paulo,SP,15,16,491.94,211.0,30.75,3.88,7.06
e603cf3fec55f8697c9059638d6c8eb5,pelotas,RS,8,11,297.0,185.47,27.0,4.45,6.7
e627629ba868740e287800f1a9be81c2,sao paulo,SP,13,13,504.5,139.05,38.81,4.46,7.0
e628d4a53c109f09ca88098338b3a3f5,belo horizonte,MG,1,1,285.0,58.9,285.0,1.0,
e62b2d6ac10570a035a30bafcf01d263,sao paulo,SP,62,71,5340.39,1035.08,75.22,3.83,14.69
e63e8bfa530fb16910dd6956e592bb81,guarulhos,SP,42,43,1311.7,667.47,30.5,4.26,9.21
e644cbadf7eeb30d0d29f335ce7d52ec,sao paulo,SP,8,10,878.9,184.69,87.89,3.7,6.89
e64882b4ef12aee8d0faca4db5b681f4,goiania,GO,1,2,230.0,43.22,115.0,4.0,25.0
e64d65bc8dbec2accda90c58de5d1246,rio claro,SP,12,12,1678.8,221.16,139.9,3.08,13.42
e64ddbe1cbcf4f2fc3092b7c481f3f9d,sao paulo,SP,1,1,20.9,7.39,20.9,5.0,6.0
e6a69c4a27dfdd98ffe5aa757ad744bc,sao paulo,SP,24,29,2076.2,442.74,71.59,3.62,10.22
e6ffc9ac6a7adc9d16a1cfc2286dd546,sao paulo,SP,1,1,34.99,8.29,34.99,1.0,
e70053bf73d1b5863932e53a9fa47496,sao paulo,SP,7,7,4025.0,133.58,575.0,4.29,13.29
e72b4feb7abe210c52aa667abc25a3a2,sao paulo,SP,1,2,38.2,17.44,19.1,5.0,4.0
e732329483fd5f27367dd997b47f598a,blumenau,SC,1,1,109.9,34.57,109.9,5.0,12.0
e73bf2cea7fe4b0b4d287a7568ed1099,chapeco,SC,4,5,737.7,100.13,147.54,5.0,4.8
e76ecc7e9a1a1e3c6df9d2a8261c423d,belo horizonte,MG,1,1,20.0,14.1,20.0,5.0,12.0
e7d5b006eb624f13074497221eb37807,santo andre,SP,28,63,3478.93,741.49,55.22,3.11,10.73
e7df4cd29ab5abab70fb0783ddb53987,sao paulo,SP,23,24,9608.7,413.37,400.36,4.29,10.25
e7f3bf1ecd8526eb7f3b18059e6716e5,ubatuba,SP,18,19,1471.54,276.15,77.45,4.37,8.94
e819bcfade7b5d88a27325eb6cfd62c5,guarulhos,SP,5,11,202.9,135.35,18.45,3.55,9.0
e81e1f9c3e762e620f3fb60a51499e16,curitibanos,SC,17,18,4465.99,513.5,248.11,3.82,30.94
e82de6494d91d3c4c54450f59b227a94,ibitinga,SP,3,3,118.9,38.8,39.63,5.0,18.33
e83c76265fc54bf41eac728805e4da77,aracatuba,SP,8,8,237.3,99.19,29.66,3.63,32.88
e83e93b71371817b11d78a63ff156aee,barueri,SP,2,3,286.0,87.38,95.33,4.67,18.67
e84ad2127668df3aafc6b73531a0beb8,sao paulo,SP,19,23,987.0,286.73,42.91,4.39,9.61
e88165a185134e13fdfc85d4fa654db8,ferraz de  vasconcelos,SP,2,2,108.0,41.22,54.0,3.0,9.0
e882b2a25a10b9c057cc49695f222c19,teresopolis,RJ,57,58,51057.54,2856.22,880.3,4.59,9.45
e883aa812c37a7413226856f4579fe91,itapevi,SP,26,29,4097.1,457.36,141.28,3.9,10.0
e88c9b79e592e370d6bd852eeefbf057,pato branco,PR,8,9,251.87,142.11,27.99,4.78,8.33
e88f7a2995ba184710d339c5c4bf2e30,votuporanga,SP,2,2,251.6,35.91,125.8,5.0,10.5
e89c4adbe7b1d0819dbb636e16461cf1,indaiatuba,SP,24,25,3181.3,454.85,127.25,3.88,14.68
e8a85b5f3df47be0984c55fd4064dbb4,brasilia,DF,8,14,743.0,222.99,53.07,4.71,10.29
e8b3a3a38279a82f0e5d006d5e5b7d2c,jussara,PR,87,92,13154.7,1761.69,142.99,3.73,16.78
e8b4225284fbb02d16f200513f1f395d,novo horizonte,SP,31,31,5788.52,1297.61,186.73,4.19,10.2
e8dba4d70f7f2b20e775d09cae01142d,santa barbara d oeste,SP,9,9,855.91,176.48,95.1,4.33,8.56
e8f6dc8e6a1dcde89d20e3995c8d90b3,sao paulo,SP,36,48,2256.34,2051.68,47.01,3.35,12.61
e8ff5a6ceb895583033fc2a0f314e3c2,blumenau,SC,1,1,139.89,19.08,139.89,5.0,3.0
e908c0f3646e8b60375734a350d95d71,sao paulo,SP,1,1,2951.0,58.53,2951.0,4.0,27.0
e94b64dc6979b302a5a5be1662c83bb6,itapecerica da serra,SP,2,2,306.89,31.74,153.45,5.0,9.0
e9511df20ccd82658a30c37b7fb343af,bauru,SP,22,30,2096.6,726.5,69.89,4.47,9.5
e96498ed8daaa3e9c23f7a62da76591c,sao paulo,SP,34,34,9619.09,713.1,282.91,3.94,15.15
e9729944ba65dc3ce425e0c5a22ae7b2,petropolis,RJ,4,4,916.7,61.73,229.18,3.75,10.0
e9779976487b77c6d4ac45f75ec7afe9,praia grande,SP,657,750,43162.95,10139.71,57.55,4.17,9.77
e9874ae10b2d60d43917b6bbfa13a599,rolandia,PR,1,1,199.0,23.1,199.0,5.0,7.0
e99e927c81e3f51739c94fcdfca9f10f,uberlandia,MG,22,25,2702.83,657.64,108.11,3.56,13.88
e9b6c33b71b67737693b4cfa68341c8d,sao paulo,SP,1,1,119.9,21.49,119.9,4.0,12.0
e9bc59e7b60fc3063eb2290deda4cced,maringa,PR,216,269,34343.06,4688.5,127.67,3.94,14.45
e9c2dc0dd4ac38448289be644ac94f42,joinville,SC,3,3,118.39,56.22,39.46,5.0,5.67
e9c6969d40e6a3d2d0f90013165c2b98,sao paulo,SP,10,10,5239.98,242.0,524.0,4.4,9.0
e9d99831abad74458942f21e16f33f92,sao paulo,SP,130,149,4922.48,1993.58,33.04,3.91,12.59
e9e446d01bd10a97a8ffcfc4a3a20cb2,sao paulo,SP,4,4,60.05,29.56,15.01,3.5,5.33
ea00f977a203ff88adf7057cb7806998,santos,SP,19,19,389.72,183.68,20.51,4.11,5.33
ea1776927851da2532aa70d6a32c095a,sao paulo,SP,3,3,318.8,53.52,106.27,2.67,8.5
ea3ebea5317b0efbc663ecc8ce5e9bc2,florianopolis,SC,3,3,299.7,57.65,99.9,4.0,9.0
ea4e9ce63a2134743b4a92777437fcdd,palhoca,SC,3,4,316.6,65.7,79.15,4.75,9.0
ea566164622c6b439516ab18062c42cd,sao  paulo,SP,50,52,10309.42,858.56,198.26,3.75,14.15
ea65d8b58316a6f2362f2a9e4b3e86ad,campinas,SP,9,16,2061.4,230.82,128.84,3.19,10.19
ea67327e24487bdfac5fbfa37ea124df,ibitinga,SP,32,34,6250.18,930.1,183.83,3.56,8.59
ea6b12bf9ffe2bac34602ec631d97a47,guarulhos,SP,11,11,2625.8,205.52,238.71,4.09,16.67
ea846a0e7ad98a741783e886d89dfa44,aracatuba,SP,2,3,137.0,55.26,45.67,5.0,11.0
ea8482cd71df3c1969d7b9473ff13abc,sao paulo,SP,1146,1203,37177.52,17544.77,30.9,3.95,13.22
eaaa46e98c9e61f6764dd1d7a2ab8b3e,messias targino,RN,1,1,98.0,27.64,98.0,5.0,11.0
ead2bab70821ea148476ae9bc08548ac,belo horizonte,MG,9,9,412.1,116.2,45.79,4.5,7.22
eae9af4811c294c56795d70e715b7337,sao paulo,SP,1,1,15.9,11.11,15.9,5.0,2.0
eaf6d55068dea77334e8477d3878d89e,sao paulo,SP,3,3,51.0,33.01,17.0,5.0,6.0
eb1bf309f4f6af9a97e9ddac3fdbeabe,diadema,SP,1,1,22.3,8.88,22.3,5.0,8.0
eb3071b9f0b0ddaa2df5ea130f09f26b,sao paulo,SP,9,11,6230.0,581.42,566.36,4.64,8.64
eb4a59a06b3948e851a7d7a830bcbc42,salvador,BA,2,2,64.0,44.0,32.0,3.0,11.0
eb4df17aed01d918c65f0f8d650900c0,paulinia,SP,11,11,3739.87,185.59,339.99,3.91,12.64
eb5b6204dde3a6e03b5f1bb8479f055b,embu guacu,SP,19,21,452.2,275.13,21.53,3.86,10.52
eb72802c83dc7547529c9546d1a9b8ef,rio claro,SP,8,8,1063.92,117.71,132.99,4.63,6.13
eb9267cccc90f1b49c8d2f9887c7dd97,recife,PE,1,1,319.9,26.37,319.9,5.0,8.0
eb9cd5b35d95206585e2185318cb5c61,sao paulo,SP,2,3,550.0,61.55,183.33,2.33,16.67
eba88037e1dca898cd02881f67ced679,sao paulo,SP,6,6,838.1,93.47,139.68,4.33,11.33
ebd1417732defaf66c50b5a800eb293e,londrina,PR,1,1,309.0,16.33,309.0,5.0,6.0
ebd2d60905fb58271facef5596b620d3,lencois paulista,SP,84,88,7941.72,1733.3,90.25,4.13,12.8
ebe3dabc4955c9b0d695e7bda38bf5c3,ribeirao preto,SP,1,1,55.0,11.89,55.0,3.0,24.0
ebef8d8c92b4fd3226e5d407bbff21ac,ribeirao preto,SP,3,3,253.7,48.36,84.57,2.67,40.33
ec21206b7894c503788a684a7bc822a6,armacao dos buzios,RJ,3,3,247.8,48.61,82.6,2.67,8.0
ec2e006556300a79a5a91e4876ab3a56,sao paulo,SP,4,8,125.2,66.04,15.65,1.38,13.5
ec4608a1f76453166bb312b2968aeaf4,porto ferreira,SP,18,35,1181.75,939.61,33.76,2.69,14.0
ec5c1d94df153d473b37f880977ae58e,rio de janeiro,SP,2,3,199.67,84.07,66.56,1.67,11.33
ec80e49e69745ab6c14f984bf2149423,limeira,SP,12,12,3709.0,188.31,309.08,4.0,12.92
ec8463980a4e0ea9f8517aea1ed0c419,florianopolis,SC,2,8,239.2,118.76,29.9,5.0,13.75
ec8879960bd2221d5c32f8e12f7da711,itatiba,SP,36,36,4062.4,818.98,112.84,4.31,16.31
ec933281fb017b5020d06df29c3f77e8,sao paulo,SP,8,8,1432.0,230.85,179.0,5.0,9.5
ecccfa2bb93b34a3bf033cc5d1dcdc69,curitiba,PR,15,19,1338.64,262.71,70.45,2.33,35.13
ececbfcff9804a2d6b40f589df8eef2b,franca,SP,98,104,6792.4,1868.66,65.31,4.12,12.97
ed4311e67debd72b8610a5347a743087,guarulhos,SP,25,26,3636.0,706.81,139.85,4.48,7.85
ed46f1eb4a638113deb2a1137b5f22e9,indaial,SC,4,4,3470.0,216.68,867.5,4.0,7.5
ed49da7cadefc454d6a67de249eab240,sao paulo,SP,2,2,43.0,22.83,21.5,3.0,21.5
ed4acab38528488b65a9a9c603ff024a,sao paulo,SP,32,40,12759.45,610.31,318.99,3.73,9.08
ed859002ad59dbf8cf3602696a6c3000,londrina,PR,7,13,2421.7,268.94,186.28,4.0,22.27
ed8cb7b190ceb6067227478e48cf8dde,santos,SP,15,17,573.5,242.71,33.74,3.18,7.18
ed9eef5be0992d413d251fadba1a410d,mogi guacu,SP,3,9,404.1,143.24,44.9,4.56,10.22
edb1ef5e36e0c8cd84eb3c9b003e486d,teresopolis,RJ,166,175,79284.55,3905.1,453.05,4.43,11.63
edb58a1390adf273840030a3d6253829,piracicaba,SP,1,1,39.9,18.38,39.9,5.0,5.0
edb65fe661681b1c0de8bd47c8655855,sao paulo,SP,1,1,69.0,15.24,69.0,3.0,14.0
edc518ba25576a0188a0e8f2c3af186f,guarulhos,SP,6,8,1647.39,262.16,205.92,3.5,6.5
edd066cd02126d7800f9b66e980e9931,brasilia,DF,6,6,987.7,186.23,164.62,5.0,11.67
eddd1991bd6d9309995a480c39b95137,ponta grossa,PR,3,3,866.0,132.41,288.67,2.67,15.0
ede0c03645598cdfc63ca8237acbe73d,ribeirao preto,SP,46,50,2518.37,751.5,50.37,3.62,18.26
ede2977fbaf3738583170735ca403f6c,curitiba,PR,1,1,289.9,37.35,289.9,5.0,15.0
edf3fabebcc20f7463cc9c53da932ea8,sao paulo,SP,1,1,219.9,24.12,219.9,4.0,21.0
edf96ef93ed595084bbcbd9224bd2894,sao paulo,SP,25,28,3757.0,608.78,134.18,3.79,13.64
ee27a8f15b1dded4d213a468ba4eb391,goiania,GO,1,1,6499.0,227.66,6499.0,5.0,12.0
ee2fbacc2fc3794e656cc4d933d59ce7,sao paulo,SP,2,3,464.97,53.73,154.99,4.33,7.0
eeb6de78f79159600292e314a77cbd18,lages,SC,83,84,43739.84,3055.44,520.71,4.43,12.12
eebb3372362aa9a46975164bed19a7e7,sao paulo,SP,7,8,591.92,119.4,73.99,2.29,52.5
eec3469d83e142f9a104886655338c37,bauru,SP,4,4,185.7,54.74,46.43,4.5,9.75
eed78ac17f7f795a19a709745f00cd4e,botucatu,SP,22,56,4349.5,846.34,77.67,3.41,9.73
ef0ace09169ac090589d85746e3e036f,sao goncalo,RJ,129,140,16223.3,2315.65,115.88,4.34,12.5
ef2fbc2b607d8492bcffe657a4645434,rio de janeiro,RJ,20,22,970.8,362.89,44.13,3.91,6.86
ef30892870c278497523264be1be2241,araraquara,SP,9,9,783.2,109.34,87.02,4.56,8.11
ef506c96320abeedfb894c34db06f478,sao paulo,SP,324,340,9771.43,5197.0,28.74,3.9,13.33
ef728fa1f17436c91ed1ccd03dcf9631,jau,SP,3,4,128.7,58.12,32.18,4.0,4.75
ef990a83bbea832f36ebe81376335aa8,joinville,SC,43,44,4642.59,914.65,105.51,3.66,16.91
ef9952469137ff190bacafe117f51537,uberaba,MG,5,5,1002.66,83.94,200.53,4.8,10.2
efb628aa07c8ca93d7db0d85b91a4f5a,nova iguacu,RJ,1,1,204.0,58.1,204.0,4.0,25.0
efcd8d2104f1a05d028af7bad20d974b,aracatuba,SP,47,51,2424.78,855.41,47.54,4.18,10.14
efff9341f3f8f5237b44ff67ed36a7bf,vitoria,ES,5,5,872.99,99.66,174.6,4.4,12.0
f00e21b1e91a79653163b7fd8f293ff1,andradas,SP,31,31,3900.09,570.97,125.81,4.1,12.97
f00f5b35d0abcacbdd863672f4bb2c1a,sao paulo,SP,1,1,299.0,14.43,299.0,4.0,12.0
f021c962aaba8ef6eb527a9c2c8394d1,itajai,SC,5,5,4398.5,135.37,879.7,4.2,8.2
f049a72cf58fd31b11f8919cade515e7,sao paulo,SP,3,4,138.75,32.24,34.69,3.5,4.0
f0563bacf40c311f1c4d3d6b67b8a7a7,tubarao,SC,1,1,1199.0,28.78,1199.0,1.0,
f0837c8d71434931d9e38e7b79234797,arvorezinha,RS,22,23,3446.9,602.46,149.87,4.61,11.61
f08a5b9dd6767129688d001acafc21e5,porto alegre,RS,11,18,14069.63,496.11,781.65,3.44,18.94
f08c008c8a8d31417763738a1788a2a8,santa terezinha de itaipu,PR,22,23,1291.72,422.97,56.16,3.09,19.0
f09b760d23495ac9a7e00d29b769007c,catanduva,SP,1,1,21.9,17.19,21.9,4.0,24.0
f09e26011d833ddab11593c1a097a92a,pirassununga,SP,1,1,79.9,22.19,79.9,1.0,
f0b47fbbc6dee9aafe415a6e33051b3f,maua,SP,68,86,3795.91,1336.28,44.14,4.23,10.31
f0e103c63864d5405b958d984b6e94c9,osasco,SP,11,11,951.7,149.71,86.52,4.73,8.64
f0ec6a2adb05c62655a26dd347b8dede,sao paulo,SP,1,2,72.0,14.78,36.0,1.0,
f0ec78809fe0bc3edb11c9fe5b97b059,sao paulo,SP,2,2,62.6,23.66,31.3,4.0,9.0
f114dca2828bf718548db175ebe2cfcd,cambe,PR,1,1,139.0,13.99,139.0,1.0,10.0
f1198c871e0171278b63f40d112caeec,sao paulo,SP,2,2,475.8,82.27,237.9,4.5,11.5
f125f3a310c2e5f822d116147de1e474,sao paulo,SP,16,22,2761.4,287.89,125.52,4.36,13.95
f12d3c2a14729ae461b920c11fe20fdc,santo andre,SP,9,11,364.45,94.87,33.13,4.27,4.73
f12ff17ad8bbf01ec5c33b17e506649b,sao paulo,SP,29,29,6241.0,651.73,215.21,3.83,13.82
f18112da765e0971ca5d510dec322bdd,brusque,SC,2,2,327.8,82.95,163.9,4.0,18.0
f181738b150df1f37cb0bd72e705b193,carapicuiba,SP,36,37,5529.7,1103.05,149.45,4.49,8.97
f19516b9ff26bfeb091b30108db4ddbd,artur nogueira,SP,5,5,727.6,141.84,145.52,2.6,10.33
f1b854361f4e15d5851b494df66f22b2,rio de janeiro,RJ,3,4,1168.8,306.44,292.2,2.75,7.5
f1b93673502375d491780bb49d615dbc,sao jose dos campos,SP,8,10,2638.93,320.35,263.89,2.7,13.2
f1c1ac3f3efc07e659c035008e615e66,sao paulo,SP,4,14,2561.96,302.82,183.0,3.57,12.22
f1ce5fdecd64935c28b9ff932751d0dc,santana de parnaiba,SP,2,2,158.0,22.53,79.0,4.5,10.5
f1ed6bd0a9b11b581f16c851c6a5a527,porto alegre,RS,17,18,1622.77,373.81,90.15,4.44,21.06
f1fd5ab1181f827ffad998c1a5de7d74,curitiba,PR,15,15,7045.99,831.97,469.73,4.67,9.27
f1fdf2d13186575751aa25876536d85c,sao paulo,SP,1,1,26.3,8.29,26.3,5.0,7.0
f205b1a3ca9a34e0f8a228bae6e4c7b3,cachoeirinha,RS,8,8,1088.0,396.9,136.0,4.88,8.63
f214d28e8d8e3ef068748498ccc2f813,sao paulo,SP,54,59,2212.41,809.11,37.5,4.02,10.18
f22a247b79dd22ecd91dc8e3b2a1b07c,itaquaquecetuba,SP,8,8,439.94,134.9,54.99,4.0,17.75
f2336e113377dd21c744d9c4fc8293a9,sao paulo,SP,4,4,3563.0,199.08,890.75,4.25,20.25
f235413f677777a0738ff215d0184901,bariri,SP,3,3,1696.7,91.64,565.57,3.67,6.5
f25e239052084705e17a982bc600ab2a,sao paulo,SP,8,8,7380.0,405.48,922.5,4.25,12.38
f262cbc1c910c83959f849465454ddd3,sao paulo,SP,192,207,10482.83,2507.02,50.64,4.09,8.9
f266295f49a28eee21f413e0cbb0521d,ponta grossa,PR,2,2,149.8,28.14,74.9,4.5,12.0
f26d70155c2b6326fcfa1780c8c684e4,presidente getulio,SC,1,1,202.89,16.17,202.89,5.0,9.0
f27e33c6d29b5138fa9967bcd445b6d5,sao paulo,SP,93,98,8888.3,1593.95,90.7,4.09,12.37
f3041c2e75ec683697a6a5ea82192210,itauna,MG,1,1,145.0,24.0,145.0,5.0,5.0
f3055483058c84d75ca2a3314fb4deef,salvador,BA,1,1,67.5,35.79,67.5,1.0,
f307937c1bb287c3efc2a514b94b0d1d,araxa,MG,1,1,189.99,26.61,189.99,5.0,13.0
f326006815956455b2859abd58fe7e39,fernandopolis,SP,9,30,3147.16,666.02,104.91,4.7,15.5
f3295428338a40977a03f555246a70f4,vitoria,ES,7,7,644.98,124.4,92.14,3.57,14.71
f3511c85f59f8dec53d140501ee8e7a8,curitiba,PR,1,1,69.9,8.11,69.9,5.0,2.0
f356c348fbc8df6a882823e21f5ce8b7,canoas,RS,2,2,195.18,30.47,97.59,2.5,7.0
f35b3c613c4f7b2275f4185d0a3c59ec,sao paulo,SP,9,9,4047.25,167.04,449.69,4.56,12.44
f35becee938e982bd615edf8ef12bcfb,alvares machado,SP,6,6,148.59,78.22,24.77,4.0,7.83
f3862c2188522d89860c38a3ea8b550d,ribeirao preto,SP,1,1,15.5,12.79,15.5,5.0,6.0
f3975e8a41157005d4bcbb358678cd9b,pinhalzinho,SC,2,2,178.8,83.98,89.4,5.0,8.5
f3b80352b986ab4d1057a4b724be19d0,brasilia,DF,87,92,10505.1,2187.63,114.19,4.13,10.51
f3c38ab652836d21de61fb8314b69182,sao paulo,SP,15,15,1581.0,247.59,105.4,4.27,8.0
f3da5b2ff499efb8d4a6d371d175d7dd,sao paulo,SP,79,84,3702.29,1124.57,44.07,3.85,11.21
f410c8873029fcc3809b9df6d0b28914,caxias do sul,SP,2,2,289.8,37.3,144.9,5.0,7.5
f419677537694f0462a91990df6ca44f,sao bernardo do campo,SP,6,6,220.5,78.78,36.75,4.0,14.0
f41ce2e25237f9092cd8e6e7516c7a2f,guarulhos,SP,27,28,2030.9,331.7,72.53,4.32,8.52
f435898e493ba0356019a0b1cb8b55b1,curitiba,PR,10,12,649.76,230.92,54.15,4.33,10.42
f43827dd686be3a4a80e00aa299990fb,sao jose do rio preto,SP,1,2,95.54,30.2,47.77,2.0,21.0
f44b6f775a2b390380e0e30b5c9d3eee,sao paulo,SP,10,10,2930.0,258.24,293.0,4.9,8.6
f44bdc12aa39f5271f0b95f66cd4c289,braganca paulista,SP,5,7,357.5,74.57,51.07,2.86,10.57
f45122a9ab94eb4f3f8953578bc0c560,piracicaba,SP,187,200,22078.29,3325.84,110.39,3.91,12.45
f457c46070d02cadd8a68551231220dd,maringa,PR,199,234,19093.0,3714.22,81.59,3.77,14.38
f46490624488d3ff7ce78613913a7711,guarulhos,SP,83,91,5802.85,1747.82,63.77,3.46,10.01
f4a04f7be452aa3bb31760bf00055dd0,santo andre,SP,18,18,1312.1,241.85,72.89,4.67,9.06
f4aba7c0bca51484c30ab7bdc34bcdd1,sao paulo,SP,110,117,3009.79,1547.71,25.72,3.9,10.97
f4c4daa86e30c7e5a553a8d518ac03a5,cascavel,PR,20,20,6301.91,369.29,315.1,3.7,16.61
f4ce8ca9fa7157e3b33f536ac9a4487d,penapolis,SP,4,4,409.6,97.53,102.4,4.75,6.75
f4db9b37944bcb8873e6b456ee190bbf,itaquaquecetuba,SP,21,22,3409.78,500.16,154.99,4.55,13.23
f524ad65d7e0f1daab730ef2d2e86196,soledade,RS,1,2,578.0,31.5,289.0,1.0,25.0
f52c2422904463fdd7741f99045fecb6,santo andre/sao paulo,SP,12,13,567.79,177.01,43.68,4.31,5.46
f5403d3f50089112c4eed37928b7f622,fernandopolis,SP,2,2,190.8,32.4,95.4,1.0,
f543ba3c973276f519d89d59bd46cead,sao jose do rio preto,SP,2,2,258.0,164.04,129.0,2.0,
f593898ec748b7a8cb81fc04edafd98a,pedreira,SP,20,23,2813.04,728.08,122.31,3.48,18.0
f5a590cf36251cf1162ea35bef76fe84,sao bernardo do campo,SP,117,122,53201.78,4239.16,436.08,4.24,11.74
f5b44895715ddfe3087dc414f30268f3,sorocaba,SP,19,19,378.8,275.64,19.94,4.0,12.42
f5b84683a9bf9e1df748cf40f601b39c,sao paulo,SP,1,1,83.9,9.07,83.9,5.0,7.0
f5f1f2c5f923f36ad79ea1d07185ddc9,taruma,SP,12,13,1912.15,203.68,147.09,3.08,13.0
f5f2ab9bdb6b30c14c61be68c5ed37da,porto ferreira,SP,18,18,2134.68,339.87,118.59,4.28,13.44
f5f46307a4d15880ca14fab4ad9dfc9b,rio do sul,SC,9,10,1422.94,231.38,142.29,4.0,12.9
f5fea3ffed6c2e889bab72705557c63a,rio de janeiro,RJ,3,3,1059.9,268.28,353.3,3.67,29.0
f6122bc84774df1b372bdb3bb88ddb9f,barueri,SP,3,3,4799.87,74.49,1599.96,3.67,15.33
f615fe7efbef0f4f08fd3086bc7a3e60,atibaia,SP,23,24,2359.27,389.69,98.3,4.38,7.39
f61c63d13f7cd800549d5acdd390ae72,pilar do sul,SP,26,26,3072.3,429.39,118.17,4.0,11.73
f626e15b7314c267e4429010866f70e9,marechal candido rondon,SP,5,7,193.55,125.47,27.65,4.14,9.29
f62d7bb4a613ec758a03342d46b580b2,vicosa,MG,32,32,24665.0,2125.59,770.78,4.38,13.88
f63d8f293af3a6454377546bd9dd19ff,votorantim,SP,17,28,1751.82,495.13,62.57,3.82,18.18
f650a9708fa1bab22bdd8d3a818cc415,ararangua,SC,5,5,507.75,86.83,101.55,3.4,15.5
f664f98bfda2eaf266a23ff144e7a872,sao paulo,SP,2,2,153.99,7.81,77.0,3.0,2.5
f67efa3f0b6761102a7f8c6b7b571f5d,curitiba,PR,31,32,5188.68,841.49,162.15,4.44,9.91
f680f85bee2d253556ac91be391d2c82,carapicuiba,SP,45,54,5183.92,893.42,96.0,4.3,10.19
f682e0f848abafc6f41e0d4e868c66ef,mairipora,SP,2,2,269.98,34.02,134.99,3.5,19.5
f7315bb81aea4ddca2d39e249a801c98,guarulhos,SP,2,2,379.8,50.28,189.9,4.5,10.0
f7496d659ca9fdaf323c0aae84176632,sao paulo,SP,26,27,5087.57,844.94,188.43,4.59,12.38
f76a3b1349b6df1ee875d1f3fa4340f0,sao paulo,SP,24,24,4160.79,588.19,173.37,3.46,16.88
f7720c4fa8e3aba4546301ab80ea1f1b,curitiba,PR,60,78,2083.45,1335.52,26.71,4.2,9.9
f783a638e9c6af4a7d0dbfde811e7a81,sao paulo,SP,5,5,849.8,153.1,169.96,4.0,17.8
f789d2c4f2c2eb38fc4373e7a4b35264,juiz de fora,MG,44,49,4864.24,869.0,99.27,4.18,10.84
f7ba60f8c3f99e7ee4042fdef03b70c4,sao bernardo do campo,SP,219,230,68395.0,4341.01,297.37,4.2,13.04
f7c31656c19db6275a8acadca289f426,ibitinga,SP,1,1,61.56,16.19,61.56,3.0,13.0
f7ccf836d21b2fb1de37564105216cc1,ibitinga,SP,70,74,2787.4,1123.04,37.67,3.82,10.96
f7df46c1e0ec44eed5c6726478da4a17,novo hamburgo,RS,3,3,429.7,57.74,143.23,1.0,
f805b96fa705ba7995a221f1749dc141,maringa,PR,7,7,2744.44,242.43,392.06,4.43,12.71
f80edd2c5aaa505cc4b0a3b219abf4b8,sao paulo,SP,119,128,9108.2,3000.74,71.16,4.08,12.12
f8201cab383e484733266d1906e2fdfa,palhoca,SC,10,10,889.0,255.83,88.9,4.1,13.0
f84a00e60c73a49e7e851c9bdca3a5bb,rio de janeiro,RJ,90,99,5949.94,2001.82,60.1,3.67,11.2
f84fa566034f5e8e880a07ec624c56af,indaiatuba,SP,91,102,5093.79,1232.91,49.94,4.27,11.34
f88adb15807168d3c43d71021090ce4a,porto ferreira,SP,3,3,488.8,52.26,162.93,3.33,6.33
f8d5c7085db9a4ad2b8c1ffbeb2798c8,sao paulo,SP,6,6,263.0,100.41,43.83,5.0,12.67
f8db351d8c4c4c22c6835c19a46f01b0,salto,SP,667,724,50525.6,12554.2,69.79,4.22,9.89
f8e2c1b59cd4225a3e4fd0d013a76b93,ribeirao preto,SP,2,3,219.8,44.63,73.27,5.0,10.0
f8f35af4634605e6693c17cc3ffff5a8,campanha,MG,1,1,90.0,16.39,90.0,5.0,10.0
f90f77ef2799a27f80d90c425ca944f7,londrina,PR,1,1,70.0,19.46,70.0,5.0,7.0
f918546be4bec7104d117789ba758b2b,sao paulo,SP,20,23,1483.0,347.15,64.48,3.83,11.91
f9244d45189d3a3605499abddeade7d5,sao paulo,SP,21,21,15731.43,875.99,749.12,4.29,15.15
f92d8c817434bd2d84d4e9c61322b7fa,sorocaba,SP,5,5,174.84,50.77,34.97,4.6,8.4
f97e2b0650c2068227e1d366140eb62f,santo antonio de posse,SP,16,21,3654.0,1011.98,174.0,3.65,14.0
f9903dd0f812c7e771fcad47b6fff231,blumenau,SC,10,15,1684.85,416.63,112.32,2.93,13.27
f9a02f1922d1de564392e656d82b3fda,ferraz de vasconcelos,SP,1,1,125.9,11.49,125.9,4.0,
f9bbdd976532d50b7816d285a22bd01e,sao paulo,SP,2,2,268.0,30.37,134.0,5.0,15.0
f9d010e39375d9c91dce3f40b73a2f84,lorena,SP,4,5,1212.0,138.14,242.4,3.0,18.8
f9ec7093df3a7b346b7bcf7864069ca3,sao paulo,SP,9,9,519.2,118.93,57.69,4.78,6.22
f9eda05b67bef472deaddbba84aca289,orleans,SC,1,1,185.0,51.79,185.0,1.0,
f9eedec3129e8cc6b6429c42d0808c5b,"rio de janeiro, rio de janeiro, brasil",RJ,2,2,789.8,43.35,394.9,4.5,6.5
f9f68daa2af419d38f745478bcb3da1a,sumare,SP,2,2,22.4,28.96,11.2,3.0,12.0
fa14641f57b655e933124a9ea49cd7a5,sao paulo,SP,7,7,359.93,83.06,51.42,4.57,7.0
fa18c782a4866d313cadab567097f8f1,belo horizonte,MG,1,1,58.99,19.65,58.99,1.0,
fa1a9dec3a9940c072684a46728bf1fc,icara,SC,55,60,6674.0,1201.71,111.23,3.98,14.62
fa1c13f2614d7b5c4749cbc52fecda94,sumare,SP,585,586,194042.03,10042.7,331.13,4.34,13.3
fa3a0b5aabb344b9a92e3524b0202123,sao jose dos pinhais,SP,7,7,1789.0,164.41,255.57,4.14,11.57
fa40cc5b934574b62717c68f3d678b6d,sao paulo,SP,307,340,16055.87,4530.9,47.22,4.44,11.18
fa5fdc4e4bb6bd1009ad0e4ac4096562,santo andre,SP,1,1,161.99,32.86,161.99,5.0,7.0
fa74b2f3287d296e9fbd2cc80f2d1cf1,presidente prudente,SP,11,11,2459.89,175.79,223.63,2.36,30.2
fa7ad8ae9bcb2c4493fdf38e96b1d74f,pedreira,SP,1,2,88.0,23.7,44.0,1.0,
fa8d335d68129e464e60c1826a683e96,tres coroas,RS,1,1,139.9,34.78,139.9,4.0,22.0
fac1a9017ade7bdc94058fc1c969f355,sao paulo,SP,9,10,2010.84,212.07,201.08,4.7,7.4
fac35d150712afb921ec59ac5f39bb11,bonfinopolis de minas,MG,5,6,696.0,104.64,116.0,4.17,10.5
fad44952713764836814be105382aee5,rio de janeiro,RJ,32,32,5129.0,507.88,160.28,4.28,10.72
fadb07c842a2aef5d5a676b85f220e71,sao jose do rio preto,SP,7,7,398.75,171.62,56.96,4.71,6.57
fb3cfbc8a86f5d7fbb4d36b8df63f60d,rio de janeiro,RJ,10,15,1007.3,217.76,67.15,3.13,7.33
fb503a924a0b9db19d83dd0ac6dbef8c,pelotas,RS,1,1,13.9,17.92,13.9,5.0,6.0
fb8904a8ea99f8831b64ce27db2c1765,sao caetano do sul,SP,2,2,278.0,24.36,139.0,4.5,11.5
fb89df7f89fd1b8f03fa2acca1ba7364,foz do iguacu,PR,22,25,2220.0,467.43,88.8,3.84,15.48
fbc14c0cf93505ef89f64665ffa4a7b5,serrana,SP,18,18,12227.82,531.11,679.32,4.18,11.94
fc0b214b59a83615fea981c6424a02ae,maua,SP,1,1,159.9,12.14,159.9,5.0,4.0
fc38b5dceee1a730fad8853453437fbd,campinas,SP,5,5,119.2,58.81,23.84,4.6,7.8
fc4751cfe3b279c419615b9b00c1abb4,londrina,PR,1,1,453.7,17.35,453.7,5.0,8.0
fc59392d66ef99377e50356ee4f3b4e1,salvador,BA,5,5,519.99,86.97,104.0,3.6,7.6
fc5a0d7a310a7a41abf86a458585ff2b,sao paulo,SP,2,2,162.8,27.36,81.4,2.5,14.0
fc6295add6f51a0936407ead70c1001d,sao paulo,SP,1,4,160.0,70.52,40.0,1.0,14.0
fc906263ca5083d09dce42fe02247800,belo horizonte,MG,114,119,4497.7,1885.58,37.8,4.37,9.32
fc908879b9ca1bd65419e54e50432d38,sao paulo,SP,4,4,119.2,52.68,29.8,5.0,8.5
fc99f99385ae90f66f01733856fb88c9,boituva,SP,1,1,89.9,21.12,89.9,1.0,
fcb5ace8bcc92f75707dc0f01a27d269,guarulhos,SP,62,73,8318.63,954.7,113.95,3.79,10.33
fcba71d4d5db057f43249145e4eb1e27,limeira,SP,3,3,494.55,53.72,164.85,4.67,18.67
fcdd820084f17e9982427971e4e9d47f,ribeirao preto,SP,16,27,4783.99,881.75,177.18,3.26,10.81
fce62094ffe6a4009188ec44e681dfdd,sao paulo,SP,4,11,2969.7,482.93,269.97,3.18,19.0
fcf16b7a8697e559f0123190bb30177d,sao paulo,SP,3,7,1052.8,499.77,150.4,3.14,15.86
fd312b6bf05efac6c3772d5b52205d8a,votorantim,SP,2,4,118.7,45.62,29.68,5.0,6.5
fd386aa7bed2af3c7035c65506c9b4a3,sao paulo,SP,69,76,2304.15,1012.02,30.32,4.36,8.25
fd435faa3c0422b60440ea3480d0e77c,joao pessoa,PB,1,1,749.0,133.87,749.0,5.0,9.0
fdaaf5bfda82b7b80535610c831b8d09,sao jose do rio preto,SP,10,15,2588.9,259.42,172.59,3.93,10.93
fdb9095204a334cd8872252ffec6f2db,sao paulo,SP,46,61,8156.0,1133.37,133.7,4.14,8.8
fde0cc9ea29c8ccfc0a2c22256a58c71,curitiba,PR,35,35,3922.0,999.27,112.06,4.49,8.71
fdf736c18c589ed030e058312203e1b2,pocos de caldas,MG,1,1,30.0,14.51,30.0,5.0,5.0
fe19dce63ae80346207c6c55713d1023,uberaba,MG,1,1,49.9,21.82,49.9,5.0,7.0
fe1b067411b8c5066e962aa146ccee03,presidente prudente,SP,8,8,847.78,143.1,105.97,4.63,8.63
fe1bbc5feda5c8979a8a1b3b2512d5a6,arinos,MG,9,10,724.72,137.53,72.47,3.8,11.8
fe2032dab1a61af8794248c8196565c9,campinas,SP,294,306,65959.61,4721.34,215.55,4.38,10.56
fe26f3ecb51a15e6d8335cd92da42562,sao paulo,SP,7,7,2708.96,262.59,386.99,4.43,10.57
fe49ee029e61e789a1f3a5525f57ba8d,osasco,SP,17,17,2527.59,224.85,148.68,4.06,10.5
fe4cd9461203cee790d36792420b310f,caratinga,MG,3,3,391.15,54.38,130.38,4.0,14.33
fe701d88b67eaca109dffd464d1be9f9,marica,RJ,11,11,1548.9,239.04,140.81,4.0,12.3
fe8055980a4ff7f64ed889c2b5926929,curitiba,PR,3,3,196.7,53.28,65.57,4.67,6.33
fe87f472055fbcf1d7e691c00b1560dc,campinas,SP,6,6,1085.8,130.16,180.97,4.5,6.0
fe9d9cf8631285d5982c6e2cf27fb114,barbacena/ minas gerais,MG,1,1,69.9,23.64,69.9,4.0,5.0
feb793c88d836c3a75efa4b5a3465d70,sao paulo,SP,1,1,466.0,64.17,466.0,5.0,6.0
febab0275244b9a49a623f0bd613ca2f,pedreira,SP,109,129,7272.42,3016.75,56.38,4.26,8.11
fec6275253471ace26d209bbaa64cd0f,nova friburgo,RJ,9,10,2840.0,355.67,284.0,4.6,13.1
fec6912baad85d41729669edd6b4d3b8,ribeirao preto,SP,1,1,210.0,51.97,210.0,1.0,
fec8cd45395b3cb0c2b173d7739706a1,jambeiro,SP,4,4,1280.0,96.94,320.0,3.75,10.5
fedaedd3ca31d56ab33e92035e4b361c,niteroi,RJ,1,1,39.9,10.96,39.9,4.0,9.0
fedf2c1386e137f296b3bbf3b635e69d,sao paulo,SP,2,5,131.74,79.16,26.35,3.2,10.4
ff063b022a9a0aab91bad2c9088760b7,santo andre,SP,94,96,12076.5,1984.77,125.8,4.28,9.34
ff1e15b778c700abdd4d239b81ac466d,curitiba,PR,7,7,414.3,114.86,59.19,4.57,7.43
ff1fb4c404b2efe68b03350a8dc24122,mogi das cruzes,SP,46,49,6771.0,895.95,138.18,4.06,9.73
ff314fa6033cc68ec451c47aee2d6ba4,sao paulo,SP,2,2,537.9,32.44,268.95,5.0,10.5
ff4e2d38692ce827b1a4f4b8196e680d,sao paulo,SP,11,11,518.9,150.28,47.17,4.27,9.09
ff4ea69c2a729e83e63c7579e4ef8170,guarulhos,SP,9,9,7017.0,171.62,779.67,4.5,11.63
ff69aa92bb6b1bf9b8b7a51c2ed9cf8b,sao paulo,SP,20,20,21940.8,1754.4,1097.04,3.65,11.5
ff82e8873fba613f2261a9acc896fd84,itabira,MG,4,4,124.6,58.93,31.15,3.5,9.5
ffa6adafb71b807dc13159e26431354c,londrina,PR,18,18,2669.9,537.08,148.33,3.78,9.71
ffad1e7127fb622cb64a900751590acd,americana,SP,10,15,884.3,206.53,58.95,4.87,8.33
ffc470761de7d0232558ba5e786e57b7,guarulhos,SP,28,31,1649.01,438.12,53.19,4.3,10.0
ffcfefa19b08742c5d315f2791395ee5,curitiba,PR,1,1,69.9,9.62,69.9,1.0,
ffdd9f82b9a447f6f8d4b91554cc7dd3,curitiba,PR,18,20,2101.2,727.46,105.06,4.25,10.25
ffeee66ac5d5a62fe688b9d26f83f534,mirassol,SP,14,14,1839.86,419.69,131.42,4.21,18.0
fffd5413c0700ac820c7069d66d98c89,amparo,SP,60,61,9062.3,2833.74,148.56,3.87,13.67
ffff564a4f9085cd26170f4732393726,campinas,SP,20,20,1426.3,344.56,71.32,2.1,12.75
